{"val_loss": [0.723601157963276, 0.5963134586811065, 0.6054970003664494, 0.5889619767665863], "val_binary_crossentropy": [0.6800846926867962, 0.550883486121893, 0.5606085281819105, 0.5432133749127388], "val_acc": [0.5983333334326744, 0.6958333306014538, 0.7037500023841858, 0.7062499940395355], "loss": [0.6082084658486503, 0.6031256830351693, 0.5966489280973162, 0.5912801207133702], "binary_crossentropy": [0.5654051809651511, 0.558414018528802, 0.5514706247193473, 0.546024451494217], "acc": [0.6908666659763881, 0.6958952377183096, 0.7021761903762818, 0.7058761912073408]}