{"val_loss": [1.1983138233423234, 0.766859881579876, 0.628180842846632, 0.6955362364649773, 0.6678505495190621, 0.675330625474453, 0.7887584418058395, 0.8598732963204384], "val_binary_crossentropy": [1.1585984140634538, 0.7246035262942314, 0.5839571237564087, 0.6507522270083428, 0.6218432120978832, 0.6285343691706657, 0.7408071614801883, 0.8111287787556648], "val_acc": [0.5, 0.5533333368599415, 0.6741666704416275, 0.6299999989569187, 0.6462500005960464, 0.6420833334326744, 0.5741666652262211, 0.563333336263895], "loss": [0.656938777923584, 0.648009855222702, 0.6355685882091522, 0.6270447555065155, 0.6174909842967987, 0.6074344628334045, 0.599628610610962, 0.5932678216934204], "binary_crossentropy": [0.620337104511261, 0.6066723804950714, 0.5928157201766968, 0.5830297016620636, 0.5725659153461456, 0.5617166511535645, 0.5531304895401001, 0.5452240443706512], "acc": [0.6377799998283387, 0.6534199986457825, 0.6650933332443237, 0.6744333351135254, 0.6834800002098084, 0.6930666662216186, 0.7015066666603088, 0.7066733322143555]}