{"val_loss": [10.388770937919617, 9.972000241279602, 9.616743206977844, 9.322279572486877, 9.081700146198273, 8.886778235435486, 8.641689360141754, 8.515087693929672, 8.413152605295181, 8.330990299582481, 8.264657258987427, 8.210994720458984, 8.167500495910645, 8.132182754576206, 8.1034542247653, 8.080046284943819, 8.060937155038118, 8.13317171856761, 8.120374280959368, 8.109873343259096], "val_binary_crossentropy": [8.059047748974617, 8.059047748974617, 8.059047748974617, 8.059047748974617, 8.059047748974617, 8.059047748974617, 7.9711924195289825, 7.9711924195289825, 7.9711924195289825, 7.9711924195289825, 7.9711924195289825, 7.9711924195289825, 7.9711924195289825, 7.9711924195289825, 7.9711924195289825, 7.9711924195289825, 7.9711924195289825, 8.059047748974617, 8.059047748974617, 8.059047748974617], "val_acc": [0.5, 0.5, 0.5, 0.5, 0.5, 0.5, 0.5, 0.5, 0.5, 0.5, 0.5, 0.5, 0.5, 0.5, 0.5, 0.5, 0.5, 0.5, 0.5, 0.5], "loss": [3.285418748855591, 2.8446518580118814, 2.4535574515660605, 2.123836100101471, 1.8521883686383565, 1.6315361261367798, 1.4527356028556824, 1.3087590138117473, 1.1928943594296773, 1.0994771122932434, 1.024229645729065, 0.9634018441041311, 0.9141174157460531, 0.8741738200187683, 0.8417704999446869, 0.8152908980846405, 0.7937681178251902, 0.7761761645476023, 0.7617843250433604, 0.7500989139080048], "binary_crossentropy": [0.6939365168412527, 0.6932087739308676, 0.6937422851721445, 0.693518728017807, 0.6932341754436493, 0.6934670110543569, 0.6932725210984548, 0.6932369967301687, 0.6932569642861685, 0.6931792497634888, 0.6932143867015839, 0.6932145754496256, 0.693174680074056, 0.6931740045547485, 0.6932280460993449, 0.6931687394777933, 0.6931885182857513, 0.6931921442349752, 0.6931974788506826, 0.693313846985499], "acc": [0.3333333333333333, 0.5, 0.5, 0.5, 0.5, 0.5, 0.5, 0.5, 0.5, 0.5, 0.5, 0.5, 0.5, 0.5, 0.5, 0.5, 0.5, 0.5, 0.5, 0.5]}