{"val_loss": [0.9121943503618241, 0.8213399142026901, 0.7673331409692764, 0.729365786910057, 0.7275889158248902, 0.7186397433280944, 0.7235815599560738, 0.723264516890049, 0.6912944540381432, 0.6814247161149979, 0.695205058157444, 0.6841209530830383, 0.6935889825224877, 0.7899776458740234, 0.6829974532127381, 0.6957149669528008, 0.7142818093299865, 0.6930466264486312, 0.6842848286032677, 0.6867825925350189, 0.7000231206417084, 0.7119754657149315, 0.7035845160484314, 0.6997908845543861, 0.7140595227479934, 0.7074566274881363, 0.7186773255467415, 0.7370183080434799, 0.7821433067321777, 0.8125063791871071, 0.8024692311882973, 0.7697106942534446, 0.8265291765332222, 0.8547799244523049, 0.8437911629676819, 0.9401019871234894, 0.9376721739768982, 0.9472499340772629, 0.9766043722629547, 1.0017207175493241], "val_binary_crossentropy": [0.6836102038621903, 0.6767467945814133, 0.6640724748373031, 0.6498527735471725, 0.6623185515403748, 0.6620358347892761, 0.6721498444676399, 0.6752741947770119, 0.645356796681881, 0.6365446835756302, 0.6517604246735573, 0.6408063769340515, 0.6501865491271019, 0.7463677287101745, 0.6385741114616394, 0.6502893149852753, 0.6684532880783081, 0.6463065713644027, 0.6361397132277489, 0.6370793528854847, 0.6483361780643463, 0.6577879309654235, 0.6468090906739234, 0.6407348394393921, 0.6525616556406021, 0.643306589871645, 0.6511502102017402, 0.6651211589574814, 0.7051074624061584, 0.731334687769413, 0.7173335939645767, 0.6803171962499619, 0.732157975435257, 0.7547254219651223, 0.7365045286715031, 0.8251651108264924, 0.8164073556661606, 0.8199561662971974, 0.8423736624419689, 0.8612300455570221], "val_acc": [0.5587500020861625, 0.5508333347737789, 0.5733333274722099, 0.5962500013411045, 0.5770833298563958, 0.5804166667163372, 0.5620833322405815, 0.561250002682209, 0.5995833404362202, 0.6191666670143604, 0.5983333349227905, 0.6037499964237213, 0.5958333358168602, 0.5254166655242443, 0.6187499962747097, 0.600833336263895, 0.587083337455988, 0.6058333314955234, 0.6249999977648258, 0.6158333353698253, 0.6125000014901161, 0.6029166638851166, 0.6237500011920929, 0.6324999980628491, 0.6108333364129066, 0.6195833310484886, 0.6179166682064533, 0.6074999995529652, 0.5933333322405815, 0.5924999967217446, 0.5966666653752327, 0.6308333344757557, 0.5925000056624412, 0.5920833341777325, 0.6212500005960464, 0.5808333329856395, 0.5841666638851166, 0.5937499970197677, 0.587500000745058, 0.5950000002980232], "loss": [0.9949651044607163, 0.8613436633348465, 0.7910161393880845, 0.751518422961235, 0.7262945115566254, 0.7113602662086487, 0.7011593574285507, 0.6911295002698898, 0.6865918731689453, 0.6831719094514846, 0.676761988401413, 0.6745654362440109, 0.6691474103927613, 0.6659857320785523, 0.6663876777887344, 0.6651743853092194, 0.6616455906629563, 0.6624893939495087, 0.6577960157394409, 0.6554627466201782, 0.6507992559671402, 0.6509954518079758, 0.6484815418720246, 0.6523176264762879, 0.6480444139242172, 0.6369726079702377, 0.6327001965045929, 0.6285781943798066, 0.6253323131799697, 0.6256768172979355, 0.6255291247367859, 0.6114105331897736, 0.6016449177265167, 0.5847957190871239, 0.577389326095581, 0.5792228052020073, 0.5665688729286193, 0.5513261649012565, 0.5448615378141404, 0.5361381083726883], "binary_crossentropy": [0.6916629326343536, 0.680113645195961, 0.6689014029502869, 0.6611139315366745, 0.6545511215925217, 0.650691419839859, 0.6473156934976578, 0.6413382577896118, 0.6397650504112243, 0.6377553415298461, 0.6327943211793899, 0.6310421586036682, 0.6259307932853698, 0.6225284785032272, 0.6221748632192612, 0.6202522671222687, 0.6161413806676864, 0.6161899054050446, 0.610467631816864, 0.6067835885286331, 0.600329557955265, 0.5982537817955017, 0.5932108271121979, 0.5943484011292458, 0.5878493636846542, 0.5741943752765656, 0.5669140103459358, 0.5590034401416779, 0.5510269939899445, 0.5467910066246986, 0.5423966670036315, 0.5242249357700348, 0.5099634557962418, 0.4876457887887955, 0.47409866988658905, 0.4682355162501335, 0.44877549886703494, 0.42726130336523055, 0.41460478931665423, 0.39881404787302016], "acc": [0.5224583327770234, 0.5498333317041397, 0.5685000005364418, 0.5799583315849304, 0.5954166686534882, 0.5982499992847443, 0.6011666643619538, 0.6145416623353959, 0.6165833330154419, 0.6199999985098839, 0.6250416642427444, 0.6227499973773957, 0.6330833357572555, 0.6355833327770233, 0.6361249995231628, 0.6390833324193954, 0.6432500010728837, 0.6435416662693023, 0.6482083368301391, 0.6543749994039536, 0.662583333849907, 0.6649583333730698, 0.6696666663885117, 0.6688750004768371, 0.6725416666269303, 0.6872499996423721, 0.6927916622161865, 0.7005416667461395, 0.7090416675806046, 0.709416670203209, 0.713416668176651, 0.73012500166893, 0.7396249961853028, 0.7568333339691162, 0.7677916646003723, 0.7718749988079071, 0.7843333333730698, 0.7958750009536744, 0.8069583356380463, 0.8140416663885116]}