{"val_loss": [2.1475259125232697, 1.4736518293619156, 2.007050779461861, 1.5192349970340728, 4.703498649597168, 1.9858378022909164, 3.9251973569393157, 1.7314870417118073, 2.67521071434021, 2.054503983259201, 1.6206429213285447, 5.362194097042083, 3.2189907133579254, 8.076131820678711, 8.079325675964355, 8.080008506774902, 8.083311080932617, 8.088400840759277, 8.092388153076172, 8.096667289733887, 0.7657927230000496, 0.9498280271887779, 0.7668987512588501, 0.775205834209919, 0.7717919580638408, 0.7746773593127727, 0.895142762362957, 0.9023366346955299, 0.8656794033944607, 0.9787556812167167, 0.8896350026130676, 0.9350481122732163, 0.9280665040016174, 1.108130221813917, 1.2877617344260215, 0.9450271889567375, 0.8999319069087506, 0.9967963390052319, 0.9776235684752465, 0.9580838866531849], "val_binary_crossentropy": [1.1153123766183852, 0.8298395782709121, 1.5911829054355622, 1.231989425420761, 4.490474563837052, 1.8178692311048508, 3.7852026879787446, 1.6107926428318025, 2.564518690109253, 1.9500315129756927, 1.5171499460935594, 5.26023963689804, 3.116265684366226, 7.971192359924316, 7.971192359924316, 7.971192359924316, 7.971192359924316, 7.971192359924316, 7.971192359924316, 7.971192359924316, 0.6393397442996502, 0.8193964183330535, 0.6303365543484688, 0.63554667532444, 0.6288416214287281, 0.6248372882604599, 0.744461377710104, 0.7453872919082641, 0.7043934680521489, 0.8139475740492343, 0.7187922790646553, 0.7559177689254284, 0.7438029021024704, 0.917490852624178, 1.0923323146998882, 0.7427229851484298, 0.6904302783310413, 0.7832188058644534, 0.7576618768274784, 0.7316230587661267], "val_acc": [0.504166666418314, 0.5004166662693024, 0.5, 0.5, 0.5, 0.5, 0.5, 0.5, 0.5, 0.5, 0.5, 0.5, 0.5, 0.5, 0.5, 0.5, 0.5, 0.5, 0.5, 0.5, 0.6400000005960464, 0.5587500005960464, 0.6700000010430813, 0.6745833337306977, 0.6858333297073841, 0.6616666667163372, 0.6700000002980232, 0.6504166699945927, 0.6733333297073841, 0.6204166688024998, 0.6575000025331974, 0.6541666693985462, 0.6587500020861625, 0.6495833337306977, 0.6279166668653489, 0.6662499994039536, 0.6716666698455811, 0.6479166708886623, 0.6641666658222676, 0.6704166673123837], "loss": [2.039859292984009, 1.4891770296096802, 1.1754845943450927, 0.9940137491226196, 0.8894445238113403, 0.8225122299194336, 0.7803382806777954, 0.7494438138008118, 0.7275833973884582, 0.7090814270973206, 0.6969920763969422, 0.6972049689292907, 0.6860339915752411, 0.6830412883758545, 0.6778853974342346, 0.6763798189163208, 0.6661490428447724, 0.6692703514099121, 0.666864580154419, 0.6637240295410156, 0.6600188913345337, 0.6566894817352295, 0.6584572696685791, 0.6499449391365051, 0.6469083998203278, 0.656322923898697, 0.6440537097454071, 0.6462216353416443, 0.6437694163322448, 0.6429840767383576, 0.638349553823471, 0.6313752405643464, 0.6316905419826507, 0.625893712759018, 0.6264331214427948, 0.6153650648593902, 0.613708720445633, 0.6084958944320679, 0.6040792741775513, 0.5933547010421752], "binary_crossentropy": [0.685881359577179, 0.6671355142593384, 0.6557289247512817, 0.6488594608306885, 0.6428123192787171, 0.633999273777008, 0.6282457265853881, 0.6202902760505676, 0.611482337474823, 0.6014137117862701, 0.5930796210765839, 0.5933777275085449, 0.5839067962169647, 0.5798113613128663, 0.5715489566326142, 0.5673728661537171, 0.5561016476154328, 0.5537795777320862, 0.5473535592556, 0.5404687535762787, 0.5344740722179413, 0.5269474120140075, 0.5242953526973725, 0.5122893540859222, 0.5054253971576691, 0.5080049817562103, 0.49308584785461423, 0.490361154794693, 0.48384645342826843, 0.4781943864822388, 0.4693007016181946, 0.4550832304954529, 0.44953076910972595, 0.43760192787647245, 0.4322302088737488, 0.4157567353248596, 0.40770118761062624, 0.39681860983371736, 0.3854007569551468, 0.3692958196401596], "acc": [0.540266666650772, 0.5810666649341584, 0.6034333322048188, 0.6068666687011719, 0.6160000007152557, 0.6287333364486695, 0.6353333346843719, 0.6458999991416932, 0.6547000021934509, 0.6661666684150696, 0.6724666681289673, 0.6717333326339722, 0.6830333347320556, 0.686433334350586, 0.6910000009536743, 0.6936666660308838, 0.7044666657447815, 0.7055333318710327, 0.7108666667938233, 0.715166666507721, 0.7208666672706604, 0.7266666665077209, 0.7294666695594788, 0.7375000014305114, 0.7430666675567627, 0.7408999977111816, 0.7513666667938232, 0.7498666687011719, 0.7589333348274231, 0.7618666682243347, 0.7665999999046326, 0.7792666659355164, 0.782033332824707, 0.7879000005722046, 0.7894333333969116, 0.8019333310127258, 0.8099333329200744, 0.8137000002861023, 0.8187000017166137, 0.8294333324432374]}