{"val_loss": [2.9131386041641236, 2.4898935317993165, 2.1075363874435427, 1.8426523685455323, 1.6125763654708862, 1.475582480430603, 1.3190823793411255, 1.2672728538513183, 1.2240508437156676, 1.1597792387008667, 1.0169987201690673, 1.063476324081421, 1.0092892289161681, 0.9524999380111694, 0.992789888381958, 0.9400337278842926, 0.9571533620357513, 0.8930625915527344, 0.8749365925788879, 0.8966855823993682], "val_binary_crossentropy": [0.6851323544979095, 0.6958061039447785, 0.6673075795173645, 0.6792599618434906, 0.6648558557033539, 0.6955284059047699, 0.6645189583301544, 0.7104643642902374, 0.7425607323646546, 0.7404253780841827, 0.6453266024589539, 0.72712641954422, 0.7014968752861023, 0.6684781908988953, 0.7249613642692566, 0.684511399269104, 0.7110625624656677, 0.6532657742500305, 0.639007693529129, 0.6601270735263824], "val_acc": [0.5466666728258133, 0.5316666722297668, 0.5916666626930237, 0.5966666758060455, 0.625, 0.6033333301544189, 0.626666659116745, 0.6166666626930237, 0.6066666603088379, 0.585000005364418, 0.6483333349227905, 0.5750000059604645, 0.5866666674613953, 0.6116666674613953, 0.625, 0.6200000047683716, 0.6083333313465118, 0.6566666603088379, 0.6400000005960464, 0.626666659116745], "loss": [3.179002022743225, 2.688911490440369, 2.284566791057587, 1.95682359457016, 1.7062757158279418, 1.505118032693863, 1.3555479216575623, 1.2369069588184356, 1.1525879168510438, 1.0738039696216584, 1.01244065284729, 0.9610165727138519, 0.928950406908989, 0.8973012834787368, 0.8659531217813492, 0.8419761157035828, 0.8254101049900054, 0.8060329550504685, 0.7961122369766236, 0.7845298516750335], "binary_crossentropy": [0.706998051404953, 0.682479600906372, 0.672396724820137, 0.6600275927782059, 0.6537035489082337, 0.6447335851192474, 0.6403907829523087, 0.6334495514631271, 0.6344721138477325, 0.6252059429883957, 0.618681640625, 0.6081471884250641, 0.6085086125135422, 0.6020645686984062, 0.5910225373506546, 0.5812844887375832, 0.5765870654582977, 0.5645877844095231, 0.5585590055584908, 0.5495040535926818], "acc": [0.5102499976754189, 0.5476666671037674, 0.5676666691899299, 0.5851666644215584, 0.5972083327174187, 0.6082499992847442, 0.6174583321809769, 0.625833334326744, 0.6248749995231628, 0.635874999165535, 0.6393749994039536, 0.6540000009536743, 0.656958332657814, 0.6624999970197678, 0.6728333330154419, 0.6843333351612091, 0.6864583319425583, 0.6963333344459534, 0.703916665315628, 0.7102500003576279]}