{"val_loss": [2.2996747970581053, 1.5495296478271485, 1.2945300579071044, 1.1528321623802185, 0.9382298827171326, 1.0285517811775207, 0.9042818188667298, 0.9567386329174041, 0.8087461650371551, 0.7760185241699219, 0.8484696090221405, 0.7993140280246734, 0.8484631299972534, 0.8566588819026947, 0.7803152024745941, 0.8284132897853851, 0.780550217628479, 0.7750964641571045, 0.8478027284145355, 0.8227016270160675, 0.9093735814094543, 0.8721592783927917, 0.872969102859497, 0.8873394131660461, 0.8510310769081115, 0.8646607577800751, 0.8705288589000701, 0.8401404976844787, 0.8683347582817078, 0.8650514781475067, 0.8444922387599945, 0.8346715688705444, 0.8701674342155457, 0.8572367489337921, 0.8717107772827148, 1.0325606048107148, 0.9020999789237976, 0.9189795792102814, 0.9299758851528168, 0.953912365436554], "val_binary_crossentropy": [0.8387257814407348, 0.6842711567878723, 0.74657421708107, 0.7829532623291016, 0.6680989682674408, 0.8125212132930756, 0.7242384374141693, 0.793280965089798, 0.6635285258293152, 0.6413948774337769, 0.7204161882400513, 0.6764899551868438, 0.7286632418632507, 0.7300763189792633, 0.6623721987009048, 0.7110891163349151, 0.6623811572790146, 0.6553542256355286, 0.7251692593097687, 0.6971408605575562, 0.7798816621303558, 0.7397420465946197, 0.7374137043952942, 0.7512976109981537, 0.7101063549518585, 0.7233028888702393, 0.7244934976100922, 0.6907116621732712, 0.7160287857055664, 0.7115310311317444, 0.6867081314325333, 0.6736196666955948, 0.7050618410110474, 0.6880943834781647, 0.6974896609783172, 0.8549575626850128, 0.7193865954875946, 0.7317181050777435, 0.7389494597911834, 0.7561082482337952], "val_acc": [0.4966666579246521, 0.5833333343267441, 0.5150000005960464, 0.5099999964237213, 0.6066666722297669, 0.5333333373069763, 0.5933333337306976, 0.5350000023841858, 0.6116666704416275, 0.6416666626930236, 0.5599999994039535, 0.6149999976158143, 0.5500000029802322, 0.5699999928474426, 0.5900000095367431, 0.5983333319425583, 0.6216666638851166, 0.6266666650772095, 0.576666671037674, 0.6166666597127914, 0.5666666686534881, 0.5833333432674408, 0.6116666734218598, 0.6216666758060455, 0.6166666686534882, 0.5949999898672104, 0.6099999934434891, 0.6250000029802323, 0.6249999940395355, 0.6183333307504654, 0.6183333367109298, 0.6483333319425583, 0.6033333361148834, 0.6316666692495346, 0.6433333396911621, 0.5900000035762787, 0.6083333343267441, 0.6399999976158142, 0.635000005364418, 0.6483333349227905], "loss": [2.7160637744267784, 1.796109869480133, 1.3414370981852213, 1.0950493570168813, 0.9536140167713165, 0.8727016345659891, 0.8152922034263611, 0.7787335952123006, 0.7492665632565816, 0.7279593487580617, 0.7206981718540192, 0.7071027874946594, 0.6949162411689759, 0.692702697912852, 0.6923845195770264, 0.6782188127438228, 0.6699151615301768, 0.6677311104536057, 0.665777747631073, 0.662329828341802, 0.6646007446448008, 0.6653334826231003, 0.6648773030440013, 0.6578215992450714, 0.6533578423659007, 0.6547380763292313, 0.6512895385424297, 0.6515312016010284, 0.648131341735522, 0.6459617390235265, 0.6487876832485199, 0.6380695825815201, 0.6378014860550563, 0.6317721041043599, 0.6280479961633683, 0.6268147710959117, 0.6299055149157842, 0.6221132649978002, 0.6236471076806386, 0.6115067718426387], "binary_crossentropy": [0.6856896404425303, 0.6624861538410187, 0.6522269173463185, 0.6451730557282765, 0.638298628727595, 0.6329018477598826, 0.6197771763801575, 0.6092004166046778, 0.5982660224040349, 0.5909950023889542, 0.5907621469100316, 0.5836594063043594, 0.5743830090761185, 0.5717644504706065, 0.5712261672814687, 0.5612287877003351, 0.5527785740296046, 0.5496854931116104, 0.5451544733842214, 0.5398068513472875, 0.538656458457311, 0.5346655736366908, 0.5315526370207468, 0.523140417933464, 0.5147962419191996, 0.5139559968312581, 0.5058984766403835, 0.5021893030405045, 0.49674605290095014, 0.4918447325627009, 0.4900693587462107, 0.47689630011717477, 0.4729823124408722, 0.46232589254776635, 0.45423165142536165, 0.44895976821581524, 0.44536154747009277, 0.43365872581799825, 0.429319686293602, 0.41296600192785266], "acc": [0.5370833313465119, 0.5912222226460775, 0.6030277768770854, 0.612527775367101, 0.6224999992052714, 0.6296388910214106, 0.6453611119588216, 0.6546666665871939, 0.6635555549462636, 0.6738055555025736, 0.6727222235997518, 0.679888889392217, 0.6881111117204031, 0.6901944434642792, 0.6912222194671631, 0.6988611082235973, 0.7050277773539225, 0.7079166654745738, 0.7108333325386047, 0.7175555539131164, 0.7191111099720001, 0.7233055551846822, 0.7211666663487752, 0.7278333338101705, 0.7358888904253642, 0.7371388900279999, 0.7440277802944183, 0.7445277766386668, 0.7490000021457672, 0.7544999980926513, 0.7536666663487752, 0.7626666676998138, 0.7670833305517832, 0.7724166651566823, 0.7747222224871317, 0.7797499998410543, 0.7836944448947907, 0.7913333320617676, 0.7946388888359069, 0.803361112276713]}