{"val_loss": [3.111675568989345, 3.029837574277605, 3.0547078336988176, 2.923576218741281, 3.245177303041731, 3.0368877819606235, 2.9589854649135043, 3.4040078095027377, 4.683333669389997, 5.54556485584804, 5.0103403840746195, 4.832555157797677, 4.44754661832537, 4.718917267663138, 4.743832928793771, 4.739390305110386, 4.322332348142352, 3.609494890485491, 3.5308467660631453, 4.134568350655692], "val_binary_crossentropy": [0.6910689558301654, 0.7099736673491341, 0.825597311769213, 0.7672691260065351, 1.1523268904004778, 1.001951617853982, 0.9752527560506549, 1.4588550329208374, 2.7606616701398576, 3.637359619140625, 3.1139626843588695, 2.950376646859305, 2.582759737968445, 2.875127834933145, 2.9229995693479265, 2.9446494919913158, 2.553104247365679, 1.861349310193743, 1.7990893295833044, 2.41928425856999], "val_acc": [0.5404761859348842, 0.5238095223903656, 0.5238095266478402, 0.5142857091767448, 0.4952380955219269, 0.514285717691694, 0.5523809577737536, 0.5761904631342206, 0.5571428622518267, 0.5333333356039864, 0.5, 0.5214285680225917, 0.5928571394511631, 0.5452380861554827, 0.5047619044780731, 0.5428571445601327, 0.5595238081046513, 0.5833333347524915, 0.566666671207973, 0.564285716840199], "loss": [3.1810220082600913, 3.064064788818359, 2.9534477551778155, 2.8838667551676433, 2.8044296900431314, 2.719612789154053, 2.608546765645345, 2.4705935955047607, 2.440849844614665, 2.4255086104075114, 2.341726557413737, 2.3253361066182454, 2.22326389948527, 2.117119081815084, 1.9920475721359252, 1.8952496767044067, 1.8695319573084512, 1.9189847548802694, 1.8903003613154092, 1.8710615396499635], "binary_crossentropy": [0.6961479743321737, 0.6915592749913534, 0.6769652605056763, 0.6900289018948873, 0.6781029383341471, 0.6542994022369385, 0.5982943654060364, 0.5060641984144847, 0.5075460771719614, 0.5098426322142283, 0.4389888564745585, 0.4354192088047663, 0.34888522227605184, 0.26206318140029905, 0.15869737267494202, 0.08653093340496222, 0.08693783730268478, 0.16010171274344126, 0.14983240539828938, 0.1468909427523613], "acc": [0.5033333321412404, 0.5344444493452708, 0.5688888887564342, 0.5133333325386047, 0.5666666666666667, 0.6199999968210856, 0.6755555510520935, 0.746666673819224, 0.751111110051473, 0.7522222240765889, 0.7955555597941081, 0.8022222240765889, 0.8544444441795349, 0.896666657924652, 0.950000003973643, 0.9711111028989156, 0.9699999968210856, 0.9355555534362793, 0.9377777695655822, 0.9377777695655822]}