{"val_loss": [0.7271624910525787, 0.6972150081434311, 0.6969081234728169], "val_binary_crossentropy": [0.6972850072078216, 0.667684387224607, 0.6645113290884556], "val_acc": [0.5542200869347296, 0.5881410267474687, 0.5931089756230259], "loss": [0.6748607461141725, 0.6703581847250462, 0.6622930542271361], "binary_crossentropy": [0.6451665230541148, 0.6406035256436747, 0.6304854617541672], "acc": [0.6120085471715683, 0.6174957272397656, 0.6302948728140093]}{"val_loss": [0.7151999856289636, 0.6875118377626451, 0.6739437426002617, 0.7121274185358969], "val_binary_crossentropy": [0.6797385002112287, 0.6502484232824073, 0.6334247999848464, 0.6682009995938876], "val_acc": [0.579006410904356, 0.6219017095227017, 0.6344017098283666, 0.6044871808053591], "loss": [0.6510044595497286, 0.6402509900239798, 0.630030242805807, 0.619591457498634], "binary_crossentropy": [0.6174139127963119, 0.6044240140188963, 0.5914907683100965, 0.5776323722277441], "acc": [0.6454957264483484, 0.658012821410711, 0.6720384617582855, 0.6840170943775238]}{"val_loss": [0.6361364408467824, 0.7697884688456343], "val_binary_crossentropy": [0.5917553612564364, 0.7241413792292787], "val_acc": [0.671848291101364, 0.5965277797773353], "loss": [0.6101783259620523, 0.5998647171271663], "binary_crossentropy": [0.5663042840603579, 0.5548437021226964], "acc": [0.6933162393860328, 0.7026239321527318]}{"val_loss": [0.6686925086009706, 0.6374847011115307, 0.7004880215813462, 0.643961110096584, 0.7874687247169323], "val_binary_crossentropy": [0.6220343529413908, 0.5900915963973246, 0.652089218250834, 0.5948541594080181, 0.7381877819569702], "val_acc": [0.6512286328734496, 0.6761217951838278, 0.6481303428259925, 0.6799679489121733, 0.5948183786155831], "loss": [0.5931441153152885, 0.585720788464587, 0.5806472125725869, 0.5755219748004888, 0.5703941867328607], "binary_crossentropy": [0.5467358213714045, 0.5388067958191929, 0.5327715000981449, 0.5268590699594754, 0.521163038049753], "acc": [0.7087777782963891, 0.7151837608753107, 0.718235043506337, 0.723576923338776, 0.727948717900321]}{"val_loss": [0.7047360288536447, 0.6339574320098529, 0.658171831160529, 0.7140124652725763, 0.6789826127167187, 0.7514669131328408, 0.5999719032651594, 0.6840708608874398, 0.6904105284275153, 0.7437828359886621], "val_binary_crossentropy": [0.6548269818194656, 0.5835936072354133, 0.6078915723368653, 0.6634074892116408, 0.6276247570147881, 0.699524150779232, 0.5473565704420081, 0.6316454948491266, 0.6372955391804377, 0.6901048591249009], "val_acc": [0.6348824783459178, 0.6933760684875087, 0.6722756404843595, 0.6536858972384889, 0.6607905991821208, 0.6211538476248583, 0.7133012823123708, 0.6619658118957638, 0.6542735048848339, 0.6241987191268012], "loss": [0.5654121649761995, 0.5619030904629801, 0.5587403642761911, 0.5542835747329597, 0.5523552762774321, 0.5489284080317897, 0.5484556901531342, 0.5447181448595136, 0.5434396386337585, 0.5416229077829764], "binary_crossentropy": [0.5156325864422525, 0.5118260915653828, 0.5085026306920072, 0.5039053761806244, 0.5011469973012422, 0.4974816563165086, 0.49622968275450235, 0.492243448479308, 0.4906596906292133, 0.4883666814296928], "acc": [0.7320341883052108, 0.7360683764275323, 0.7371153846765176, 0.7400427354324577, 0.7422094013955858, 0.744444444648221, 0.7452307696907948, 0.7482991450999537, 0.7505085470202641, 0.7507863244694523]}{"val_loss": [0.6518632902198622, 0.7236613736002364, 0.6459418294362278, 0.6957949569496589, 0.6694554150518444, 0.6992358525211995, 0.818617925270755, 0.6279741240840437, 0.6452500042306561, 0.6145944565725632], "val_binary_crossentropy": [0.5983694911353353, 0.6696951337095, 0.591509780424655, 0.6412147191854624, 0.6143400926047411, 0.6440427872933384, 0.7627275530408081, 0.5723447975360303, 0.589173774386191, 0.5579878460997955], "val_acc": [0.6948183752023257, 0.641933761154994, 0.6807692305654542, 0.6616452997311567, 0.6769230766301482, 0.6608440175206742, 0.6032585501989238, 0.7069444443043481, 0.6911858979007627, 0.7101495719363546], "loss": [0.5397553377999709, 0.5380554354598379, 0.5366649696460137, 0.5362123775367553, 0.5349096247974114, 0.5339114269257611, 0.5323197757904856, 0.532276786195162, 0.5311764112522459, 0.5304668586159873], "binary_crossentropy": [0.48629550443182135, 0.48435825946876127, 0.4824244955029243, 0.48167997288207215, 0.4800724238475673, 0.47871772658366424, 0.4767854038912516, 0.47642728125947154, 0.47521734872880655, 0.4739720415101092], "acc": [0.753264957258844, 0.7541880345879457, 0.7555042725597692, 0.7565256420873169, 0.7571153834971607, 0.7584572649027548, 0.7590982901871713, 0.76012393208141, 0.7610042738990906, 0.7611623928587661]}{"val_loss": [0.6305762195052245, 0.6910281488433098, 0.6573145987195337, 0.6730892763624334, 0.6625588509198438, 0.608418082850229, 0.7393158838216566, 0.6013719225381939, 0.6234860056294844, 0.6018050817183704], "val_binary_crossentropy": [0.573766789582168, 0.633982522190254, 0.5997831228738412, 0.6148020617791221, 0.6046787465675774, 0.5500269811759647, 0.6805887028224703, 0.5427114338112565, 0.5644839509493775, 0.5430434153884904], "val_acc": [0.6989316245556897, 0.6679487171718198, 0.6762820515686121, 0.6796474355854031, 0.6797542741410753, 0.71485042756694, 0.6613247868660678, 0.7173076920274996, 0.7059294873386877, 0.7202991445540873], "loss": [0.5292499696151314, 0.5278821720654129, 0.5265740254241177, 0.527941123669983, 0.5259278028184532, 0.5250168929879482, 0.5258862792363024, 0.5256448499858379, 0.524813817256791, 0.524045263727506], "binary_crossentropy": [0.4725577069016603, 0.4710487040062236, 0.469478283300359, 0.470360836173352, 0.46810719477506274, 0.4668085728891385, 0.4674301121352065, 0.4668654839102274, 0.4659945726808574, 0.46500311428919816], "acc": [0.7625384610305485, 0.7634615381049294, 0.7638931625928634, 0.7643888882464833, 0.7653376063984684, 0.7660384613097223, 0.7660256410256411, 0.7668119654950932, 0.7668717947398496, 0.7673247867924535]}