{"val_loss": [2.886591911315918, 2.540735697746277, 2.233901762962341, 2.0018845915794374, 1.847051215171814, 1.694383406639099, 1.5589713335037232, 1.439791738986969, 1.3518839120864867, 1.297283697128296, 1.3119164943695067, 1.3980279564857483, 1.1899577021598815, 1.3164484739303588, 1.513577151298523, 1.3654741525650025, 1.2826627016067504, 1.3653921604156494, 1.4875129342079163, 1.6183961272239684], "val_binary_crossentropy": [0.697544252872467, 0.739050954580307, 0.6910819947719574, 0.66691774725914, 0.6868689239025116, 0.6806482374668121, 0.66667999625206, 0.6483410894870758, 0.6445652902126312, 0.6601300001144409, 0.728173577785492, 0.8561841607093811, 0.6883280515670777, 0.8415114223957062, 1.0561513423919677, 0.9203075587749481, 0.8451338946819306, 0.9319320857524872, 1.050714123249054, 1.1714864909648894], "val_acc": [0.5216666609048843, 0.5266666680574417, 0.5316666692495347, 0.5833333432674408, 0.5849999904632568, 0.6099999964237213, 0.6199999868869781, 0.626666659116745, 0.6349999964237213, 0.6366666704416275, 0.6216666638851166, 0.6050000071525574, 0.6316666662693023, 0.6166666567325592, 0.6150000035762787, 0.6283333331346512, 0.6283333361148834, 0.6300000071525573, 0.6083333373069764, 0.5433333367109299], "loss": [3.163777995109558, 2.6715238666534424, 2.346322088241577, 2.1117580223083494, 1.9142136812210082, 1.7476981329917907, 1.6092040181159972, 1.49203595161438, 1.386667425632477, 1.2961217737197877, 1.2232392692565919, 1.17216876745224, 1.124850071668625, 1.073593761920929, 1.034567390680313, 0.9937541699409485, 0.9728829741477967, 0.938974072933197, 0.8998457682132721, 0.9129791295528412], "binary_crossentropy": [0.6978971922397613, 0.6860220658779145, 0.6761928105354309, 0.673329393863678, 0.667331463098526, 0.6610861325263977, 0.6568858623504639, 0.650489866733551, 0.6380989694595337, 0.6245608782768249, 0.6139384233951568, 0.6093443906307221, 0.6025090354681015, 0.585886390209198, 0.5694808316230774, 0.5438803762197495, 0.5319567060470581, 0.5045361065864563, 0.46604379653930667, 0.47071028769016265], "acc": [0.5089999973773957, 0.5301666671037674, 0.5471666640043259, 0.557749997973442, 0.5688333302736283, 0.58375, 0.5856666660308838, 0.5968333327770233, 0.6144999980926513, 0.6341666674613953, 0.644333336353302, 0.6577500057220459, 0.6630000007152558, 0.67700000166893, 0.6948333299160003, 0.7169999980926514, 0.7244166684150696, 0.7490833353996277, 0.7741666662693024, 0.77575000166893]}