{"val_loss": [2.1373787462711333, 2.0365463703870774, 1.8859720915555953, 2.1107483744621276, 2.026135987043381, 5.509811699390411, 4.637146937847137, 6.074757897853852, 7.909507060050965, 8.104549407958984, 6.814819514751434, 8.103214263916016, 4.421375715732575, 6.523340475559235, 2.9427546858787537, 0.7644491598010064, 0.7802036210894585, 0.8596549406647682, 0.8383194535970688, 0.8081433475017548, 0.8067457117140293, 0.9036846831440926, 0.9269481733441353, 0.8655404672026634, 0.9124818623065949, 0.9309280321002007, 0.9326494187116623, 0.9539876118302345, 1.037246796488762, 1.0689769431948661, 1.0437587261199952, 1.0566774919629096, 1.055028384923935, 1.0596143677830696, 1.0585193559527397, 1.0673401400446891, 1.1394307553768157, 1.1655339673161507, 1.2763063415884972, 1.2071164950728417], "val_binary_crossentropy": [1.166191652417183, 1.380685180425644, 1.4357734411954879, 1.7894715905189513, 1.7811144977807998, 5.311323463916779, 4.467031466960907, 5.9230335593223575, 7.769664990901947, 7.971192359924316, 6.683387935161591, 7.971192359924316, 4.287060701847077, 6.3850271821022035, 2.7992398142814636, 0.6160626776516438, 0.6276667036116124, 0.7007062934339047, 0.6725166097283364, 0.6348968699574471, 0.6255250491201878, 0.7141160577535629, 0.7297610811889171, 0.6584252089262008, 0.697827185690403, 0.70799365863204, 0.7013842165470123, 0.7157125845551491, 0.790106987208128, 0.8137931596487761, 0.7819782227277756, 0.7886706404387951, 0.7785899817943573, 0.7766795501112937, 0.7687556028366089, 0.7718007132411003, 0.8400041900575161, 0.8605757355690002, 0.9679598286747932, 0.8938887134194374], "val_acc": [0.5, 0.5, 0.5, 0.5, 0.5, 0.5, 0.5, 0.5, 0.5, 0.5, 0.5, 0.5, 0.5, 0.5, 0.5, 0.6754166655242443, 0.6679166652262211, 0.6333333350718021, 0.6795833326876164, 0.6658333331346512, 0.673750002682209, 0.6420833349227906, 0.631249999254942, 0.6683333367109299, 0.655000002682209, 0.6495833337306977, 0.6537500023841858, 0.6574999995529651, 0.6537500038743019, 0.6495833322405815, 0.6329166673123836, 0.6516666680574417, 0.656249999254942, 0.6587500028312206, 0.6662499971687794, 0.6562500014901161, 0.6841666616499424, 0.6620833337306976, 0.6595833316445351, 0.6512499943375587], "loss": [1.8707707853317261, 1.4697735538482666, 1.1980640654563903, 1.0226147351264954, 0.9110323038101197, 0.8404841136932373, 0.7912787270545959, 0.7546508250236511, 0.7321700434684754, 0.7111988210678101, 0.6941479163169861, 0.6886225438117981, 0.6773568081855774, 0.6696647553443908, 0.6679709541797638, 0.6651564667224884, 0.6569033856391907, 0.6500996179580688, 0.6514601409435272, 0.642232617855072, 0.6396579115390778, 0.6328166329860687, 0.6359978127479553, 0.6276732745170593, 0.628978481054306, 0.6163625102043152, 0.627241140127182, 0.6158034851551056, 0.6073001773357392, 0.6139719188213348, 0.6038194434642792, 0.6009009902477265, 0.5936886579990387, 0.5885344045162201, 0.5865641162395477, 0.5822722084522247, 0.5859451775550842, 0.5756180822849274, 0.5810143623352051, 0.5735540297031403], "binary_crossentropy": [0.6880033497810364, 0.6652703337669372, 0.652395498752594, 0.6419440479278564, 0.6313700838088989, 0.6205357353687286, 0.608386617898941, 0.5945223460197449, 0.58735218334198, 0.5744741294384003, 0.5616743798255921, 0.5563059828281403, 0.5437663013935089, 0.5332311422824859, 0.5276093299388885, 0.5191352670192718, 0.5071072270870208, 0.49513351583480836, 0.4896083860397339, 0.4738954248428345, 0.4635153260231018, 0.4488084180355072, 0.44400799584388734, 0.42743859589099886, 0.4191962481737137, 0.3995267919301987, 0.40092931604385373, 0.3816974861621857, 0.36554093301296237, 0.3629904063940048, 0.3462806644439697, 0.3353806200027466, 0.32094134628772736, 0.3086929385662079, 0.3001864401102066, 0.28943618571758273, 0.2884607889652252, 0.2732598042488098, 0.2732642742395401, 0.26143674737215045], "acc": [0.547699996471405, 0.587366664648056, 0.6062666664123535, 0.6175666661262512, 0.6305333318710327, 0.6440999984741211, 0.6558000016212463, 0.6718000001907348, 0.6779333338737488, 0.6878666672706604, 0.6993666687011719, 0.7011999988555908, 0.7153333344459534, 0.7219999995231628, 0.7260000014305115, 0.7307000021934509, 0.7412000012397766, 0.7504333338737488, 0.7528000020980835, 0.7616333312988282, 0.7734333367347718, 0.7821333312988281, 0.7861333322525025, 0.795300003528595, 0.7995333318710327, 0.8111666674613953, 0.8118666667938232, 0.8233000001907349, 0.8315666656494141, 0.8321333332061768, 0.8409666666984558, 0.8493666672706603, 0.8557333331108093, 0.8641000003814697, 0.8690000004768371, 0.8724666690826416, 0.8759333329200745, 0.8839666652679443, 0.8799666647911072, 0.8893999991416931]}