{"val_loss": [0.8333226487040519, 0.6726350575685501, 0.6882800549268723, 0.6647300019860267, 0.6467136435210705, 0.7253387406468391, 0.7182272113859653, 0.6844614215195179, 0.6694520391523838, 0.6316806070506573], "val_binary_crossentropy": [0.7632603093981742, 0.6318807393312454, 0.6533286407589912, 0.6322973266243934, 0.6128433369100094, 0.6870533935725689, 0.6787598721683026, 0.6433092303574085, 0.6264990873634815, 0.5892480552196503], "val_acc": [0.5087499976158142, 0.6316666655242443, 0.58500000461936, 0.6166666686534882, 0.6533333286643028, 0.5662499994039536, 0.5820833370089531, 0.6137500010430813, 0.6404166631400585, 0.6662500038743019], "loss": [0.8102989997182574, 0.6917667666162763, 0.6719545508793422, 0.6669289229937962, 0.6606921793392726, 0.6490381753785269, 0.6396961512565613, 0.6325463483674185, 0.6258709444999695, 0.6146022601468223], "binary_crossentropy": [0.655041353906904, 0.6404030323028564, 0.6352691021646772, 0.6332663294928415, 0.6275173239026751, 0.6130269262450082, 0.6003034418310438, 0.5920426063197, 0.5836939239501953, 0.5720870527199337], "acc": [0.5894380946159363, 0.6137333325317927, 0.6200809516225543, 0.6224999999318804, 0.6292619046483721, 0.6470761910847255, 0.6611190471308572, 0.6677142859867641, 0.675285714830671, 0.6859142854554312]}