{"val_loss": [1.6345177114009857, 1.046472704410553, 1.6531580328941344, 1.2792399108409882, 2.082136732339859, 4.258435964584351, 3.325918823480606, 4.910974657535553, 6.884042775630951, 1.265835452079773, 2.4266300022602083, 2.0690975189208984, 2.7407629549503327, 2.0878457963466643, 7.112668228149414, 1.6118699491024018, 5.798774671554566, 7.320507442951202, 6.11863145828247, 4.48897271156311, 3.5040425777435305, 0.8295757532119751, 0.8966331273317337, 1.0391300052404404, 0.936182601004839, 0.9840707257390022, 0.9558283030986786, 0.9901377119123935, 1.1677687734365463, 1.1421085134148599, 1.136416645348072, 1.1567869812250138, 1.506502066552639, 1.316690307855606, 1.473711611330509, 1.2668093591928482, 1.2615245491266251, 1.3159142822027206, 1.6799415186047555, 1.4043744280934334], "val_binary_crossentropy": [1.0431553617119789, 0.7251795679330826, 1.4502596497535705, 1.128771138191223, 1.9553124934434891, 4.146873241662979, 3.2193154394626617, 4.804340517520904, 6.775137937068939, 1.1553118705749512, 2.311517459154129, 1.948207715153694, 2.612561947107315, 1.954687625169754, 6.975611877441406, 1.4658515632152558, 5.643405389785767, 7.1583732724189755, 5.94835147857666, 4.310021448135376, 3.3147680282592775, 0.6288670226931572, 0.6875269450247288, 0.8206972636282444, 0.7084538765251637, 0.7510178238153458, 0.7110799685120582, 0.7346892699599266, 0.9028973139822483, 0.8708676680922508, 0.8558166846632957, 0.8683796316385269, 1.2112763091921805, 1.0145477205514908, 1.1673712626099586, 0.9562940455973148, 0.945944283157587, 0.9967660926282406, 1.357725130021572, 1.0796966314315797], "val_acc": [0.5029166638851166, 0.5, 0.49999999925494193, 0.5, 0.4991666667163372, 0.5, 0.5, 0.5, 0.5, 0.5, 0.5, 0.5, 0.5, 0.5, 0.5, 0.5, 0.5, 0.5, 0.5, 0.5, 0.5, 0.6700000010430813, 0.6770833358168602, 0.6383333288133144, 0.6870833352208138, 0.6908333271741867, 0.6816666670143604, 0.6758333325386048, 0.646249993890524, 0.6779166653752327, 0.6479166641831398, 0.6524999968707561, 0.5770833335816861, 0.5979166679084301, 0.6141666740179061, 0.6645833343267441, 0.6554166696965694, 0.6600000008940696, 0.623750003427267, 0.6525000035762787], "loss": [1.610724877357483, 1.0988532581329347, 0.9037799105644226, 0.8085747742652893, 0.7636433787345887, 0.7299860396385193, 0.7041562738418579, 0.6921723322868347, 0.6793204896450042, 0.6711533517837525, 0.6628993248939514, 0.6590273127555847, 0.662701329946518, 0.6610801572799683, 0.654700318813324, 0.6510652918815613, 0.6462278363704681, 0.6478065152168274, 0.6435642280578613, 0.6327357304096222, 0.6302915496826171, 0.6348788993358612, 0.6330009672641754, 0.6284175887107849, 0.6237267644405365, 0.6296772446632385, 0.5985247857570648, 0.6056588578224182, 0.600382866859436, 0.5934627223014831, 0.5834721658229828, 0.5935611248016357, 0.5723140811920167, 0.5743978281021118, 0.5655096228122711, 0.5557906348705292, 0.5510878071784974, 0.5396117880344391, 0.5377256953716278, 0.5305579931735992], "binary_crossentropy": [0.6813191652297974, 0.6624934649467469, 0.649306360244751, 0.636375982284546, 0.6257226529121399, 0.6114428730010987, 0.595529669046402, 0.5857485179901123, 0.5719103243350983, 0.5620390379428863, 0.5503379893302918, 0.5415670309066772, 0.5380653526782989, 0.5296088936328888, 0.5194187831878662, 0.5090256896018982, 0.49557968068122865, 0.4884720058441162, 0.4763869609832764, 0.45780370938777926, 0.4448672400712967, 0.43911225390434266, 0.4276807429790497, 0.4152671560049057, 0.4001179096698761, 0.3985971541404724, 0.3597027670145035, 0.35449645841121674, 0.3399098000526428, 0.32420921516418455, 0.3071080873012543, 0.30769558310508727, 0.28079584777355193, 0.27528780508041384, 0.2612365390062332, 0.24667822808027268, 0.23767230641841888, 0.22181812787055968, 0.2162343013882637, 0.2059142804145813], "acc": [0.553799998998642, 0.5936666650772094, 0.6157666676044464, 0.6296333322525024, 0.6403666658401489, 0.6528333325386048, 0.6698000016212463, 0.6786999983787536, 0.6899333329200744, 0.6995333323478699, 0.7072333340644836, 0.7156333317756652, 0.7163333330154419, 0.7239000005722046, 0.7315000004768372, 0.7384999980926513, 0.7467333316802979, 0.7520666670799255, 0.7602666683197021, 0.7747333335876465, 0.7819333362579346, 0.7848666677474976, 0.794366666316986, 0.8036666688919067, 0.8132999973297119, 0.8132666659355163, 0.836966667175293, 0.8380666637420654, 0.8479666662216186, 0.8552666668891906, 0.8652666692733765, 0.8625000004768372, 0.8775999999046326, 0.8823000016212463, 0.8875333313941955, 0.8954999990463257, 0.9002000012397766, 0.9054000020027161, 0.9096333322525024, 0.9160999994277954]}