{"val_loss": [1.1188162833452224, 0.9679345846176147, 0.949299669265747, 0.8873666957020759, 0.7476170003414154, 0.7115318730473519, 0.7725817456841468, 0.8194153636693955, 0.7279555290937424, 0.728641989082098, 0.7284706749022007, 0.7525573372840881, 0.6781826637685299, 0.7432578511536121, 0.7212535716593266, 0.6868984051048755, 0.6916212253272533, 0.7683627761900425, 0.7105030626058578, 0.7282222397625446, 0.6965968266129494, 0.7130633965134621, 0.6836950406432152, 0.7219425201416015, 0.7290436305105686, 0.7919521845877171, 0.7790394723415375, 0.7290289901196957, 0.8170365564525127, 0.8255999118089676, 0.8808662563562393, 0.9310415796935558, 1.019153891503811, 1.0606205105781554, 0.9233300611376762, 0.8864708691835403, 0.8526996731758117, 0.9397621482610703, 0.9595933705568314, 1.018883143365383, 1.0111141212284565, 1.1026175677776338, 1.1834056437015534, 1.0536979913711548, 1.0236003041267394, 1.072325598448515, 1.1662167236208916, 1.0001806616783142, 1.1218857869505883, 1.043541383743286, 1.0512440972030164, 1.012988317757845, 1.0790304355323315, 1.461113815754652, 1.1325711004436017, 1.157597828656435, 1.1177217736840248, 1.15765580534935, 1.1756235301494598, 1.2270723544061184], "val_binary_crossentropy": [0.6717274814844132, 0.7486121416091919, 0.8158846259117126, 0.7866021826863289, 0.6537942826747895, 0.6224836111068726, 0.6881471171975135, 0.7335335925221443, 0.641708678752184, 0.6418164521455765, 0.6404839091002941, 0.661823746562004, 0.5841625772416592, 0.6462103202939034, 0.6217567183077335, 0.585391928255558, 0.5856274724006653, 0.6580147564411163, 0.596752168238163, 0.6124033756554127, 0.577048422023654, 0.5891647420823574, 0.556726710498333, 0.5906598545610905, 0.5946787409484386, 0.6529437288641929, 0.6369238205254077, 0.582870589196682, 0.6653759948909282, 0.6684214159846306, 0.7189460054039956, 0.7658690556883812, 0.8508768104016781, 0.8860177829861641, 0.7444415982812643, 0.7014442414045334, 0.6617967620491981, 0.7442175962030888, 0.7592648051679134, 0.813107980042696, 0.7998031798750163, 0.8884200315922499, 0.9651632364839315, 0.8301194980740547, 0.7975413184612989, 0.8421317964792252, 0.9341271296143532, 0.7631215553730726, 0.8824569076299668, 0.8004019230604171, 0.8037594497203827, 0.762489254400134, 0.8271768663078547, 1.2042076751589774, 0.8736554829403758, 0.8954833228141069, 0.8531780820339918, 0.8904237749055028, 0.9059279631823302, 0.9551675967872143], "val_acc": [0.5783333331346512, 0.5199999995529652, 0.5070833325386047, 0.504583328962326, 0.5854166686534882, 0.6462500043213367, 0.5804166674613953, 0.5450000017881393, 0.6033333331346512, 0.6245833337306976, 0.620833334326744, 0.6141666688024998, 0.6762500047683716, 0.6224999979138375, 0.644999998062849, 0.6845833353698254, 0.6708333306014538, 0.6349999994039536, 0.6749999977648258, 0.6679166659712792, 0.6891666658222675, 0.6783333331346512, 0.6966666728258133, 0.675416661798954, 0.6787499979138374, 0.6579166620969772, 0.6687500007450581, 0.7029166676104068, 0.6566666640341282, 0.6495833352208138, 0.632083335518837, 0.6154166623950005, 0.6020833387970924, 0.5991666652262211, 0.6533333323895931, 0.6591666661202907, 0.6766666606068611, 0.6654166638851166, 0.6300000004470349, 0.6399999983608723, 0.6287500008940696, 0.6216666683554649, 0.6408333331346512, 0.6495833277702332, 0.654166666418314, 0.6483333349227905, 0.6174999952316285, 0.6520833358168602, 0.6420833334326744, 0.6541666634380817, 0.6416666664183139, 0.6687499985098839, 0.6754166692495346, 0.61499999538064, 0.6691666707396507, 0.6724999979138374, 0.6783333286643028, 0.6558333322405815, 0.653333330899477, 0.6641666635870933], "loss": [1.4559675720759802, 0.9695598067556108, 0.8159682277270726, 0.7561459820611136, 0.724836277961731, 0.7077946993282863, 0.6892144645963396, 0.6818746277264186, 0.6801375358445304, 0.6712011912890843, 0.6669135223116194, 0.6607353275162833, 0.6559013288361686, 0.6556098221029554, 0.6528772459711347, 0.6464701521396637, 0.6439066922664642, 0.6404793885775975, 0.6377323680264609, 0.6337913124901908, 0.6312345065389361, 0.6291131557737077, 0.6285832251821245, 0.6177764165401459, 0.6226573235648019, 0.6124178031512669, 0.6144456536429269, 0.6104117861815861, 0.5998567601612635, 0.60712079507964, 0.6040607750415802, 0.6106764473233904, 0.5949618898119245, 0.5919128785814558, 0.5887116764272963, 0.5890651272024428, 0.5835010942390987, 0.5788082994733538, 0.572987243277686, 0.5706475586550577, 0.5742871560369219, 0.5685767819200244, 0.5650336517606462, 0.5649509137017387, 0.5591539248398372, 0.5585115286282131, 0.5547327130181449, 0.5432935638087136, 0.5470002545629229, 0.5349291370596204, 0.5410575078214918, 0.547282498223441, 0.5274838558265141, 0.5317903288773128, 0.5298468434810638, 0.5193282898834773, 0.5143887254170009, 0.5143265850203378, 0.5108246065889086, 0.5062900808879307], "binary_crossentropy": [0.6746445901053293, 0.6557908756392342, 0.6483732417651585, 0.6432602790423801, 0.6308831741128649, 0.6180150832448686, 0.6043000750882285, 0.5971948674746922, 0.5945314621925354, 0.58479152236666, 0.5795771655014583, 0.5713127252033778, 0.5641048179353987, 0.5609305712154934, 0.5558414103303637, 0.5465999238831656, 0.5409240092550005, 0.5331851702077048, 0.5267861182349068, 0.5200935922350203, 0.5142678376606532, 0.5084779514585223, 0.5042309738908495, 0.4905793101446969, 0.48914472222328187, 0.4770254399095263, 0.4732915161337171, 0.46617512038775855, 0.45137377551623753, 0.4518944183417729, 0.44429749275956837, 0.44559954949787683, 0.4283618273905345, 0.4201056300742286, 0.4105826312303543, 0.4058923270872661, 0.39485337231840406, 0.3839440761293684, 0.3737677435364042, 0.3656589870793479, 0.3645692444699151, 0.35501142859458923, 0.3472076404946191, 0.3429707465001515, 0.33312370938914165, 0.32838142812252047, 0.3217655652761459, 0.30716136515140535, 0.3070421762977328, 0.29235616888318744, 0.29374832953725544, 0.2964174497979028, 0.2754330969282559, 0.275215539761952, 0.27043970252786365, 0.25751472796712604, 0.2500164324896676, 0.2467724488036973, 0.2417213637488229, 0.2346522537299565], "acc": [0.5658095204830169, 0.600142856495721, 0.6137619040693556, 0.6171666659627641, 0.6333809539249965, 0.6509523831095014, 0.66480952501297, 0.6688809527669635, 0.6706904738289969, 0.6778571452413287, 0.6842380949429103, 0.6927857150350298, 0.6981190487316676, 0.7007380955559867, 0.702619048186711, 0.7113095225606646, 0.7175000006811959, 0.7223809507914952, 0.7235714292526245, 0.72957143000194, 0.7366190477779934, 0.7391190470967974, 0.7410000000681196, 0.7505476192065648, 0.7510952390943255, 0.7609999970027379, 0.7647142876897539, 0.7690476185934885, 0.7785238112722125, 0.7785238112722125, 0.7834047600201198, 0.7823571416309901, 0.7942380973270962, 0.7990000002724784, 0.8051428570066179, 0.8076428604125977, 0.8133095243998937, 0.8216190470967975, 0.8265714267321995, 0.8313571419034685, 0.8341428579602923, 0.8370952391624451, 0.8434523797035217, 0.845190475327628, 0.849952380316598, 0.8550952366420201, 0.8567619047846113, 0.8668809516089303, 0.8649999993188041, 0.8715952399798802, 0.8716666664396013, 0.8704285682950701, 0.880071428843907, 0.8809999993869236, 0.8837142852374485, 0.8897142836025783, 0.8945952381406511, 0.8950714268003191, 0.8977857146944318, 0.9004523805209569]}