{"val_loss": [2.0518377393484117, 1.385104376077652, 3.247642236948013, 2.1519493877887728, 4.833957552909851, 5.411235272884369, 6.769215404987335, 4.0879292488098145, 7.584262871742249, 8.0663423538208, 8.06821060180664, 8.0703706741333, 4.728852558135986, 8.078621864318848, 8.082613945007324, 8.087774276733398, 8.093063354492188, 8.099896430969238, 8.105758666992188, 8.11361312866211, 8.1226806640625, 8.131000518798828, 8.141927719116211, 8.154257774353027, 8.163060188293457, 8.173651695251465, 8.183269500732422, 8.193334579467773, 8.203475952148438, 8.212085723876953, 8.219673156738281, 8.229270935058594, 8.234530448913574, 8.243597984313965, 1.9207797795534134, 8.259954452514648, 8.264060974121094, 8.270861625671387, 8.274303436279297, 8.2792329788208], "val_binary_crossentropy": [1.4260915905237197, 0.9976256042718887, 2.9865655481815336, 1.9631925970315933, 4.686515688896179, 5.287674367427826, 6.661501228809357, 3.9885003566741943, 7.488729977607727, 7.971192359924316, 7.971192359924316, 7.971192359924316, 4.627454090118408, 7.971192359924316, 7.971192359924316, 7.971192359924316, 7.971192359924316, 7.971192359924316, 7.971192359924316, 7.971192359924316, 7.971192359924316, 7.971192359924316, 7.971192359924316, 7.971192359924316, 7.971192359924316, 7.971192359924316, 7.971192359924316, 7.971192359924316, 7.971192359924316, 7.971192359924316, 7.971192359924316, 7.971192359924316, 7.971192359924316, 7.971192359924316, 1.6403226792812347, 7.971192359924316, 7.971192359924316, 7.971192359924316, 7.971192359924316, 7.971192359924316], "val_acc": [0.5004166662693024, 0.5, 0.5, 0.5, 0.5, 0.5, 0.5, 0.5, 0.5, 0.5, 0.5, 0.5, 0.5, 0.5, 0.5, 0.5, 0.5, 0.5, 0.5, 0.5, 0.5, 0.5, 0.5, 0.5, 0.5, 0.5, 0.5, 0.5, 0.5, 0.5, 0.5, 0.5, 0.5, 0.5, 0.5004166662693024, 0.5, 0.5, 0.5, 0.5, 0.5], "loss": [1.515342300415039, 1.1528018407821656, 0.9645469088554383, 0.8580480675697326, 0.7960149416923523, 0.7580634603500366, 0.7231968293190002, 0.7051948204040527, 0.6873450734615326, 0.6728231291770935, 0.6668554384708405, 0.660290479183197, 0.6518932914733887, 0.6470684094429016, 0.6449932527542114, 0.64318705701828, 0.634402807712555, 0.6295014469623565, 0.6298394367694855, 0.624126256942749, 0.6198792564868927, 0.618407342672348, 0.6115821321010589, 0.6101323914527893, 0.6111148910522461, 0.6054237449169159, 0.6032173449993133, 0.5912764918804169, 0.6033837599754334, 0.5923202288150787, 0.5887594792842865, 0.5819628643989563, 0.5771857733726502, 0.5622441713809967, 0.5633278510570526, 0.5722599728107453, 0.5577231907844543, 0.5524896149635314, 0.5441251184940338, 0.5371736993789673], "binary_crossentropy": [0.6750109243392944, 0.6573595600128174, 0.647179256439209, 0.6363529522418976, 0.6290481295585633, 0.6232528109550476, 0.6080957794189453, 0.6024774129390716, 0.590412058353424, 0.5781786332130432, 0.5714605329036713, 0.5626900792121887, 0.5519722847938537, 0.5428514080047607, 0.535622759103775, 0.5291045918464661, 0.5152774360179901, 0.5041713874340057, 0.4974517238140106, 0.4853780303001404, 0.4719963393211365, 0.4614180154800415, 0.44521868109703067, 0.43279130339622496, 0.4223320745229721, 0.40746610522270205, 0.39581462693214414, 0.37396299517154696, 0.37581481659412386, 0.355810159444809, 0.3444066026210785, 0.328766663312912, 0.31615508019924166, 0.2940224609375, 0.2864440145492554, 0.2871090850830078, 0.26660225486755373, 0.25576590514183045, 0.24287006932497024, 0.2313147205710411], "acc": [0.5698000004291535, 0.598933331489563, 0.6109333322048187, 0.6235666673183441, 0.6333999996185302, 0.6412333319187165, 0.657300000667572, 0.6598999991416931, 0.6743333339691162, 0.6838000006675721, 0.6918666672706604, 0.6973333330154419, 0.7111666674613952, 0.714699999332428, 0.7215333294868469, 0.7275333361625671, 0.7349333338737488, 0.7414000000953674, 0.7492333335876464, 0.7548666677474976, 0.7688999977111817, 0.7717333326339721, 0.7837333326339722, 0.7913000020980835, 0.800033332824707, 0.806733332157135, 0.815666663646698, 0.8269666666984559, 0.8259999976158142, 0.8389999990463257, 0.8429333305358887, 0.8514666638374329, 0.8612000012397766, 0.8700000004768371, 0.8730999984741211, 0.8769666666984558, 0.8853000011444092, 0.8914999995231628, 0.898366666316986, 0.903433331489563]}