{"val_loss": [0.6810915119946003, 0.6706715799868107, 0.63160997107625, 0.6654261752963067, 0.6577034965157509, 0.668265649676323, 0.6639427475631237, 0.6840223930776119, 0.6504531115293503, 0.6967759191989898, 0.6810884937644005, 0.6181800439953804, 0.676382677257061, 0.6679334215819835, 0.6248126592487097, 0.6840854659676552], "val_binary_crossentropy": [0.6299964014440775, 0.619522238522768, 0.5810150425881148, 0.6139977928251028, 0.6055373836308717, 0.616466112062335, 0.6122813705354929, 0.631473508104682, 0.5966954439878464, 0.6436621081084013, 0.6272164408117533, 0.5646109774708747, 0.6234109725803136, 0.6150018744170666, 0.5712394297122956, 0.6312580484896898], "val_acc": [0.6458333306014538, 0.6424999989569187, 0.6954166702926159, 0.6637500017881394, 0.6758333370089531, 0.6691666647791863, 0.6499999970197677, 0.6387500010430813, 0.6670833356678486, 0.6237500019371509, 0.6208333306014537, 0.6920833297073841, 0.6375, 0.6495833352208138, 0.690833330154419, 0.6458333320915699], "loss": [0.5629439768110003, 0.5610104363305228, 0.5575570004667555, 0.5559762339932578, 0.5557196129049574, 0.5504994995934622, 0.5478596245220729, 0.5453404481751578, 0.5472808683259146, 0.5445380195208959, 0.544399391753333, 0.5420698145798274, 0.5392185146468026, 0.5368635981423514, 0.5390990237849099, 0.5353509355613163], "binary_crossentropy": [0.5129005626269749, 0.5101254733971187, 0.5068725613866534, 0.5048142091206141, 0.5038779945714134, 0.4987247171401977, 0.49615267263139995, 0.4936551479952676, 0.49433127450942993, 0.4914076566696167, 0.49136204525402616, 0.48838574426514764, 0.4862032557555607, 0.48425326578957695, 0.4860628572191511, 0.4822348081724984], "acc": [0.7305809528487069, 0.7319380954333714, 0.7339476207324437, 0.7373666658401489, 0.7375238092967442, 0.7399619048663548, 0.7437047613007681, 0.7436857135636465, 0.742919047832489, 0.7453809532438006, 0.746409524508885, 0.7470619042260306, 0.7482857148987906, 0.7507714267458234, 0.7490095229148864, 0.7523809518814087]}