{"val_loss": [10.388770937919617, 9.972000241279602, 9.616743206977844, 9.322279572486877, 9.081700146198273, 8.886778235435486, 8.641689360141754, 8.515087693929672, 8.413152605295181, 8.330990299582481, 8.264657258987427, 8.210994720458984, 8.167500495910645, 8.132182754576206, 8.1034542247653, 8.080046284943819, 8.060937155038118, 8.13317171856761, 8.120374280959368, 8.109873343259096], "val_binary_crossentropy": [8.059047748974617, 8.059047748974617, 8.059047748974617, 8.059047748974617, 8.059047748974617, 8.059047748974617, 7.9711924195289825, 7.9711924195289825, 7.9711924195289825, 7.9711924195289825, 7.9711924195289825, 7.9711924195289825, 7.9711924195289825, 7.9711924195289825, 7.9711924195289825, 7.9711924195289825, 7.9711924195289825, 8.059047748974617, 8.059047748974617, 8.059047748974617], "val_acc": [0.5, 0.5, 0.5, 0.5, 0.5, 0.5, 0.5, 0.5, 0.5, 0.5, 0.5, 0.5, 0.5, 0.5, 0.5, 0.5, 0.5, 0.5, 0.5, 0.5], "loss": [3.285418748855591, 2.8446518580118814, 2.4535574515660605, 2.123836100101471, 1.8521883686383565, 1.6315361261367798, 1.4527356028556824, 1.3087590138117473, 1.1928943594296773, 1.0994771122932434, 1.024229645729065, 0.9634018441041311, 0.9141174157460531, 0.8741738200187683, 0.8417704999446869, 0.8152908980846405, 0.7937681178251902, 0.7761761645476023, 0.7617843250433604, 0.7500989139080048], "binary_crossentropy": [0.6939365168412527, 0.6932087739308676, 0.6937422851721445, 0.693518728017807, 0.6932341754436493, 0.6934670110543569, 0.6932725210984548, 0.6932369967301687, 0.6932569642861685, 0.6931792497634888, 0.6932143867015839, 0.6932145754496256, 0.693174680074056, 0.6931740045547485, 0.6932280460993449, 0.6931687394777933, 0.6931885182857513, 0.6931921442349752, 0.6931974788506826, 0.693313846985499], "acc": [0.3333333333333333, 0.5, 0.5, 0.5, 0.5, 0.5, 0.5, 0.5, 0.5, 0.5, 0.5, 0.5, 0.5, 0.5, 0.5, 0.5, 0.5, 0.5, 0.5, 0.5]}{"val_loss": [2.299623727798462, 9.943202435970306, 9.594609260559082, 17.277767181396484, 9.071053981781006, 8.879785478115082, 8.725085824728012, 8.512331008911133, 8.411514863371849, 8.330070450901985, 8.351975366473198, 8.210751190781593, 8.255288690328598, 8.220021277666092, 8.191335618495941, 8.16795090958476, 8.148854676634073, 8.13323912024498, 8.120430804789066, 8.109922129660845], "val_binary_crossentropy": [1.0960467378140493e-07, 8.059047748974617, 8.059047748974617, 16.030240058898926, 8.059047748974617, 8.059047748974617, 8.059047748974617, 7.9711924195289825, 7.9711924195289825, 7.9711924195289825, 8.059047748974617, 7.9711924195289825, 8.059047748974617, 8.059047748974617, 8.059047748974617, 8.059047748974617, 8.059047748974617, 8.059047748974617, 8.059047748974617, 8.059047748974617], "val_acc": [1.0, 0.5, 0.5, 0.0, 0.5, 0.5, 0.5, 0.5, 0.5, 0.5, 0.5, 0.5, 0.5, 0.5, 0.5, 0.5, 0.5, 0.5, 0.5, 0.5], "loss": [3.2652423779169717, 2.814179023106893, 2.426899711290995, 2.104156017303467, 1.838662842909495, 1.6222523252169292, 1.4468098282814026, 1.3049997488657634, 1.190687855084737, 1.0981573859850566, 1.0234861969947815, 0.9630860785643259, 0.9139663477738699, 0.8742930293083191, 0.8417275349299113, 0.8153690993785858, 0.7939512530962626, 0.7763600448767344, 0.7618561486403147, 0.750039796034495], "binary_crossentropy": [0.6936856706937155, 0.6932431757450104, 0.6931951542695364, 0.6931992371877035, 0.6931847731272379, 0.6932027836640676, 0.6932024459044138, 0.6931708653767904, 0.6933029492696127, 0.6931720972061157, 0.6931823194026947, 0.693300853172938, 0.6931846340497335, 0.693325142065684, 0.6931738058725992, 0.6932118634382883, 0.6933106382687887, 0.6933074692885081, 0.6932036379973093, 0.6931980550289154], "acc": [0.3333333333333333, 0.5, 0.5, 0.5, 0.5, 0.5, 0.5, 0.5, 0.5, 0.5, 0.5, 0.5, 0.5, 0.5, 0.5, 0.5, 0.5, 0.5, 0.5, 0.5]}{"val_loss": [3.736466407775879, 3.4476466178894043, 3.633519172668457, 3.4342377185821533, 3.3547303676605225], "val_binary_crossentropy": [1.0067651867866516, 0.7596475183963776, 0.9846179783344269, 0.8213920891284943, 0.7751684784889221], "val_acc": [0.4750000089406967, 0.5333333313465118, 0.3916666656732559, 0.4416666626930237, 0.5], "loss": [3.489917516708374, 3.4109261631965637, 3.36251962184906, 3.3100807070732117, 3.2622777819633484], "binary_crossentropy": [0.7349039763212204, 0.6970023512840271, 0.6894384771585464, 0.6749304383993149, 0.6621221303939819], "acc": [0.4833333343267441, 0.4999999925494194, 0.5083333253860474, 0.5416666716337204, 0.5791666656732559]}{"val_loss": [3.4645581245422363, 3.43974232673645, 3.3930004835128784, 3.3308637142181396, 3.2716434001922607], "val_binary_crossentropy": [0.73846036195755, 0.7624306082725525, 0.761143684387207, 0.7404952943325043, 0.7189787030220032], "val_acc": [0.45000000298023224, 0.5083333253860474, 0.5583333373069763, 0.4749999940395355, 0.5166666805744171], "loss": [3.4498866200447083, 3.3985477089881897, 3.3470741510391235, 3.292272210121155, 3.2412306666374207], "binary_crossentropy": [0.6937036067247391, 0.6909580081701279, 0.6871251314878464, 0.6762827783823013, 0.6652847230434418], "acc": [0.4958333224058151, 0.529166653752327, 0.5166666656732559, 0.5333333238959312, 0.5833333432674408]}{"val_loss": [3.4049659967422485, 3.543946862220764, 3.6957619190216064, 3.6042098999023438, 3.6842551231384277], "val_binary_crossentropy": [0.6881328821182251, 0.8716212511062622, 1.0647689998149872, 1.0108337998390198, 1.1242864727973938], "val_acc": [0.625, 0.4749999940395355, 0.5083333253860474, 0.5083333402872086, 0.4749999940395355], "loss": [3.440085768699646, 3.3862088918685913, 3.3361530900001526, 3.2695226669311523, 3.205787479877472], "binary_crossentropy": [0.6928199082612991, 0.6863269209861755, 0.6796567291021347, 0.6529592871665955, 0.6252992302179337], "acc": [0.5166666731238365, 0.5541666597127914, 0.5125000029802322, 0.6708333343267441, 0.6583333313465118]}{"val_loss": [3.980651617050171, 4.192988038063049, 4.92280912399292, 3.695295572280884, 3.562300682067871], "val_binary_crossentropy": [1.2439306378364563, 1.4851789474487305, 2.240018606185913, 1.0338324308395386, 0.9190693497657776], "val_acc": [0.5166666656732559, 0.4749999940395355, 0.46666666865348816, 0.5249999910593033, 0.5916666686534882], "loss": [3.58328115940094, 3.634968638420105, 3.480967104434967, 3.3872339725494385, 3.330222427845001], "binary_crossentropy": [0.8274218142032623, 0.9093746244907379, 0.7828502953052521, 0.7127131372690201, 0.6758164018392563], "acc": [0.5208333432674408, 0.49166665226221085, 0.5, 0.5375000089406967, 0.5499999970197678]}