{"val_loss": [3.0705337047576906, 2.3635062694549562, 8.347792625427246, 8.2199068069458, 8.15514850616455, 8.119688034057617, 8.099464416503906, 8.086160659790039, 6.049498144785563, 8.083114624023438, 8.033204905192058, 8.083286762237549, 8.086442947387695, 8.082155227661133, 8.084989547729492, 8.091147422790527, 8.091504096984863, 0.7272965749104817, 0.7837777396043142, 0.7652439574400584, 0.7429695467154185, 0.7336618860562643, 0.7413211504618327, 0.7334252953529358, 0.7678758531808854, 0.7547482480605443, 0.7672166595856349, 1.0535227259000142, 0.7652170389890671, 0.8498909016450246, 0.8019686122735341, 0.7812713772058487, 0.8090002377827962, 0.7974775314331055, 0.7844905138015748, 0.8184611827135087, 0.9550348897775014, 0.8523914376894633, 0.8258373498916626, 0.8651696999867757, 0.8985180685917536, 1.3874604523181915, 0.9635700931151708, 1.4235796848932902, 1.3294547200202942, 1.3624960819880167, 1.3091275493303935, 1.2388465483983357, 2.682980434099833, 3.0596445322036745, 4.046276561419169, 2.782047784328461, 2.546520109971364, 2.4073948939641316, 2.1993900656700136, 1.8084272166093192, 1.7352721095085144, 3.4792778849601746, 2.5466968615849814, 1.1672038813432057], "val_binary_crossentropy": [1.8213027199109395, 1.7182068785031637, 7.971192359924316, 7.971192359924316, 7.971192359924316, 7.971192359924316, 7.971192359924316, 7.971192359924316, 5.938014570871989, 7.971192359924316, 7.922287193934123, 7.970037126541138, 7.971192359924316, 7.971192359924316, 7.971192359924316, 7.971192359924316, 7.971192359924316, 0.6075968692700068, 0.6614177425702413, 0.6431235045194625, 0.6185948858658473, 0.604859342177709, 0.6129297181963921, 0.6019489472111066, 0.6343547071019808, 0.6190877576669057, 0.6320428162813186, 0.9131892104943593, 0.6231947431961695, 0.7038181513547898, 0.6541996816794078, 0.6298953255017599, 0.6553807402650516, 0.6394562194744746, 0.6248191053668658, 0.6556810483336448, 0.7873481641213099, 0.681784184773763, 0.6508207753300667, 0.6889753048618634, 0.7213789674142996, 1.2052708993355432, 0.7787174016237259, 1.2343230624993642, 1.1388709465662639, 1.168398024638494, 1.1107799112796783, 1.0374283840258915, 2.4793105642000834, 2.852990221977234, 3.836462465922038, 2.569377795855204, 2.33077521721522, 2.188269038995107, 1.9773645142714182, 1.5828056772549948, 1.5072338213523229, 3.2484142263730367, 2.312606672445933, 0.9294116357962291], "val_acc": [0.5, 0.5, 0.5, 0.5, 0.5, 0.5, 0.5, 0.5, 0.5, 0.5, 0.5, 0.5, 0.5, 0.5, 0.5, 0.5, 0.5, 0.6633333375056585, 0.6350000023841857, 0.6500000009934107, 0.6677777747313182, 0.6983333319425583, 0.6833333283662796, 0.6755555580059688, 0.668333324790001, 0.6816666603088379, 0.663333335518837, 0.5644444435834884, 0.687777774532636, 0.6411111116409302, 0.6488888909419378, 0.674444442987442, 0.6694444457689921, 0.6700000007947285, 0.672777775923411, 0.6527777751286824, 0.6027777761220932, 0.662777778506279, 0.6599999984105428, 0.6511111110448837, 0.6550000001986821, 0.5761111120382945, 0.626666663090388, 0.526666667064031, 0.5488888889551162, 0.5822222222884496, 0.5594444423913956, 0.5761111110448838, 0.5033333341280619, 0.5, 0.5033333321412404, 0.5172222226858139, 0.5022222201029459, 0.5244444449742635, 0.57000000278155, 0.5772222260634104, 0.5749999980131785, 0.5177777787049611, 0.5161111106475195, 0.6133333335320155], "loss": [2.5517692410945894, 1.5677508157491684, 1.1455636072158812, 0.9490921929478645, 0.8432023364305496, 0.7891574180126191, 0.7533179929852486, 0.7280387908220292, 0.714444968700409, 0.7062126979231834, 0.6973565521836281, 0.698823421895504, 0.6959612849354744, 0.6877862644195557, 0.6835219269990921, 0.6793030378222465, 0.6799413853883743, 0.677183467745781, 0.6710136881470681, 0.66628562271595, 0.6627537101507187, 0.655789243131876, 0.6543784894049167, 0.6521809910237789, 0.6500163581967354, 0.645274687409401, 0.6395613452792168, 0.638646696060896, 0.6384542952477932, 0.634543417096138, 0.6423820854723453, 0.6371734498441219, 0.6293838882446289, 0.6285774554312229, 0.6273615215718746, 0.6235104274749755, 0.623507394194603, 0.6174715314805508, 0.6121811559796333, 0.6160713715851307, 0.6088301140069962, 0.6054875259101391, 0.6065705101191997, 0.602923770993948, 0.6007828676700592, 0.5990269754827022, 0.5899514937400818, 0.5890950711071491, 0.5831882187724113, 0.5840607096254825, 0.5854280161857605, 0.5781558112800121, 0.574342892318964, 0.5707059037685395, 0.560841535627842, 0.5617499254643917, 0.5558728393912316, 0.5510794286429882, 0.5507173405587673, 0.5492731818556785], "binary_crossentropy": [0.678547033071518, 0.6598148861527443, 0.6517993932962418, 0.6431739190220833, 0.6308133865892888, 0.6240818791091443, 0.616976630538702, 0.6075041212141514, 0.6001863868534565, 0.595751931220293, 0.587341611534357, 0.5867737989127636, 0.5818881116807461, 0.5753281609714032, 0.5715328545868397, 0.5632098697125911, 0.562415995746851, 0.5592354987561703, 0.5521576169133187, 0.5445973253250123, 0.5410598289966583, 0.5323055177927017, 0.5277176922559739, 0.5249143120646477, 0.5192071340978146, 0.5144096812605858, 0.5066406625509262, 0.5033121846616269, 0.4990835973620415, 0.49272310629487037, 0.4966070711612701, 0.48907490223646166, 0.4803975985944271, 0.47613208666443824, 0.4718267947435379, 0.46516320914030074, 0.46120153173804285, 0.4523178382217884, 0.44339376762509347, 0.44361040338873864, 0.4345167285948992, 0.4275787998735905, 0.42540515556931496, 0.4183449679613113, 0.41393207423388956, 0.4087374680489302, 0.3956382604688406, 0.39175866179168223, 0.38201732888817785, 0.37969976142048834, 0.3773634219914675, 0.3672838481515646, 0.35992228850722313, 0.35346620038151744, 0.34049610495567323, 0.3374947764724493, 0.3281413769721985, 0.32153970427811146, 0.3171976714581251, 0.3132382100075483], "acc": [0.5580208319425582, 0.5944166673719883, 0.6078125001490116, 0.616625000834465, 0.6345000013709068, 0.6432500006258488, 0.649958333671093, 0.6591874995827675, 0.6627291664481163, 0.6698958331346512, 0.6748958340287209, 0.675187501013279, 0.6816041672229767, 0.6889583325386047, 0.6911666670441627, 0.6985000011324882, 0.6995416650176048, 0.7007916662096977, 0.7065624994039535, 0.7115625020861626, 0.7148750013113022, 0.721812499165535, 0.7269375002384186, 0.7257083344459534, 0.7326666662096977, 0.7345833352208138, 0.7417499986290932, 0.74204166918993, 0.7491458335518837, 0.7503541684150696, 0.7481041687726975, 0.7533125007152557, 0.7602500006556511, 0.763500000834465, 0.7648958337306976, 0.7711458343267441, 0.7716041672229766, 0.7776875019073486, 0.7849375021457672, 0.7843749994039535, 0.7906041672825813, 0.7951874998211861, 0.796583331823349, 0.801166667342186, 0.8009374997019768, 0.8055416652560234, 0.813916667997837, 0.8171666663885117, 0.821854168176651, 0.823020832836628, 0.8241666668653488, 0.8300208327174187, 0.8348958361148834, 0.8406458324193955, 0.8452708321809769, 0.8464166656136513, 0.8532291656732559, 0.8561875000596046, 0.8602083334326744, 0.8611458331346512]}