{"val_loss": [0.6042344073454539, 0.6153836597998937, 0.6889918074011803, 0.5476924143731594, 0.5776371459166209, 0.6014044831196467, 0.6140177895625433, 0.5469057162602743], "val_binary_crossentropy": [0.5573703323801359, 0.5684862571458021, 0.6415163278579712, 0.4993904232978821, 0.5294453762471676, 0.5521940737962723, 0.5637019524971644, 0.4971190070112546], "val_acc": [0.7083333283662796, 0.7027777805924416, 0.6416666656732559, 0.741666667163372, 0.6847222199042639, 0.6722222367922465, 0.7111111084620158, 0.7069444457689921], "loss": [0.5869055768762316, 0.5822330899238587, 0.5782462158203125, 0.5738124355588641, 0.5707591603483473, 0.5691886304106031, 0.5680166374955858, 0.5644176364966801], "binary_crossentropy": [0.5406307140759059, 0.5354391571794237, 0.5312408287525177, 0.5263303842203958, 0.522611811535699, 0.5204201665605818, 0.518320618050439, 0.5144177172524589], "acc": [0.7092476192201886, 0.7134523805209568, 0.7167190467289516, 0.7195761905397687, 0.7231190478461129, 0.7256238107000078, 0.7272095234734671, 0.7302238100596836]}