{"val_loss": [1.0255350351333619, 0.9792492032051087, 0.8368869483470917], "val_binary_crossentropy": [0.8359677001833916, 0.8740355402231217, 0.7681825816631317], "val_acc": [0.5191666640341281, 0.5, 0.5008333303034306], "loss": [0.949472136815389, 0.7868835636774699, 0.7223374387423197], "binary_crossentropy": [0.670951094309489, 0.6456183149019877, 0.6374009081522624], "acc": [0.5702888889312744, 0.6054999996821085, 0.6170555547873179]}{"val_loss": [1.5748510271310807, 0.7151433050632476, 0.701530709862709, 0.7228473156690598, 0.7205591976642609, 0.6477577939629555], "val_binary_crossentropy": [1.445410242676735, 0.6499020874500274, 0.6575251966714859, 0.6851420730352402, 0.684092003107071, 0.6121744766831398], "val_acc": [0.5, 0.6041666656732559, 0.573750001937151, 0.5541666656732559, 0.5724999986588954, 0.6562499962747097], "loss": [0.89364635014534, 0.7370653936862945, 0.6928179425001144, 0.6763411501646042, 0.6710947850942611, 0.6662523204088211], "binary_crossentropy": [0.6681896115541458, 0.6458781150579452, 0.6395765994787216, 0.6361301066875458, 0.6347370287179946, 0.6303564772605896], "acc": [0.5705249999165535, 0.6076500004529953, 0.6146333331465721, 0.6196166675686836, 0.6204083338975906, 0.6265333338975906]}