{"val_loss": [1.3896078407764434, 1.0085397869348527, 0.9233970269560814, 0.8090562880039215, 0.7570927336812019, 0.7936049357056618, 0.7316232815384864, 0.6881228730082511, 0.7361046135425567, 0.7784719869494439, 0.6977562613785266, 0.7028542816638946, 0.7403119340538978, 0.8922593146562576, 0.9148165792226791, 0.8040652684867382, 0.796198109537363, 0.7452120825648307, 0.7801319740712642, 0.7676375225186348, 0.8134878545999527, 0.8057008951902389, 0.8152692630887032, 0.8389006152749061, 0.9807989001274109, 0.8677242651581765, 0.8908611893653869, 1.1067504227161407, 1.1336665749549866, 1.027136577665806, 1.0730228677392006, 1.0505289614200592, 1.3121227979660035, 1.1647147715091706, 1.7415263429284096, 1.8486065864562988, 1.3985877722501754, 1.0625643715262414, 1.2715828135609626, 1.0824297457933425], "val_binary_crossentropy": [0.7648603916168213, 0.6656581476330757, 0.7069545648992062, 0.6528181165456772, 0.629580095410347, 0.6832295313477517, 0.6297416605055333, 0.5908636465668679, 0.6403922200202942, 0.6796997614204884, 0.5973654218018055, 0.6001071967184544, 0.6321965023875237, 0.7808502435684204, 0.7980629831552506, 0.681115236878395, 0.6675528686493635, 0.6106996968388557, 0.6389297634363175, 0.6174036391079426, 0.6553832441568375, 0.6410090632736682, 0.6432614758610725, 0.6589911781251431, 0.7930348217487335, 0.67112858556211, 0.6827646840363741, 0.8909382455050945, 0.9105238154530525, 0.7937232490628958, 0.8326002679765224, 0.8023506887257099, 1.0559618167579174, 0.9007055848836899, 1.4703355610370636, 1.5693970710039138, 1.1143183663487435, 0.7727409683167934, 0.975061846524477, 0.779640655964613], "val_acc": [0.5454166650772094, 0.6033333346247673, 0.5845833353698253, 0.6283333346247673, 0.6295833356678486, 0.6254166699945927, 0.631249999254942, 0.6629166699945926, 0.6233333356678485, 0.630000002682209, 0.6749999985098839, 0.663333336263895, 0.6449999943375587, 0.5741666674613952, 0.5529166668653488, 0.630000002682209, 0.6629166670143605, 0.6812500014901162, 0.6620833359658718, 0.6737499997019768, 0.6574999980628491, 0.6487499989569188, 0.67250000461936, 0.6687499992549419, 0.5991666592657566, 0.6837500028312207, 0.6783333264291287, 0.6091666676104068, 0.6087500020861626, 0.6245833292603493, 0.6195833317935466, 0.6266666643321515, 0.592916664481163, 0.6304166674613952, 0.5791666686534882, 0.5024999983608722, 0.5954166606068612, 0.6466666683554649, 0.6358333319425583, 0.6229166693985462], "loss": [1.6265403337478637, 1.1262037754058838, 0.9194119620323181, 0.8206332178115845, 0.7744262762069702, 0.735971848487854, 0.7156859650611878, 0.6982687306404114, 0.684153263092041, 0.6764488849639892, 0.6655823040008545, 0.66111723279953, 0.6579542117118835, 0.6521621241569519, 0.6467312211990357, 0.6419156482219696, 0.638427668094635, 0.642034410238266, 0.6307011241912842, 0.6293297064304352, 0.6257506830692291, 0.6299020488262177, 0.6255511436462402, 0.6231385016441345, 0.6184845094680786, 0.6158141851425171, 0.6148900923728943, 0.6064819977283478, 0.6031861696243286, 0.5975324201583863, 0.5951885244846344, 0.5933721323013306, 0.5862755591869354, 0.5869139873981476, 0.5841399552822113, 0.5809373626708985, 0.5734847571849823, 0.5633061413764954, 0.5645624876022339, 0.5704183738231658], "binary_crossentropy": [0.6788112330436706, 0.6601125392913818, 0.6473959331512451, 0.6381927638053894, 0.6332570190429687, 0.6183886284828186, 0.6105683326721192, 0.5983273487091064, 0.5878437967300415, 0.5784998025894165, 0.5667391765117645, 0.5595567910671234, 0.5524118213653565, 0.5425994598865509, 0.5333316698074341, 0.5229370355606079, 0.513636034488678, 0.510486969947815, 0.49365356588363646, 0.48475136160850524, 0.4728213086128235, 0.4693872218132019, 0.45782066440582275, 0.4480523202419281, 0.4358115994930267, 0.42508043837547305, 0.41525402617454527, 0.3971144254207611, 0.38603149032592776, 0.37103328633308413, 0.3598128416538239, 0.34994980120658875, 0.33472579455375673, 0.32735362207889557, 0.31670047557353975, 0.30627111423015596, 0.29176185500621793, 0.2756906671524048, 0.2713051592111588, 0.2707144931554794], "acc": [0.5582333331108094, 0.5922999982833862, 0.6096000003814698, 0.6215, 0.6304666657447815, 0.6460000023841858, 0.6547666668891907, 0.6642333345413208, 0.6775666666030884, 0.6862666645050048, 0.6953333330154419, 0.6996333332061767, 0.7075999970436097, 0.7131333355903625, 0.7217666664123535, 0.7268666644096374, 0.7339000020027161, 0.7363000016212463, 0.7507999987602234, 0.7551666703224182, 0.7640000004768371, 0.7660333342552185, 0.7745666670799255, 0.7795999989509582, 0.7882333335876465, 0.796066665172577, 0.8024666657447815, 0.814566665649414, 0.8187333331108093, 0.8291999988555908, 0.8339666690826416, 0.839300000667572, 0.8494000010490418, 0.8535000004768372, 0.8580333333015442, 0.8626666679382324, 0.8731666650772095, 0.8796666693687439, 0.8829333324432374, 0.8832333340644837]}