{"val_loss": [1.073367702960968, 1.042464929819107, 1.0967392176389694, 6.327422893047332, 8.051521301269531, 8.050697326660156, 3.8373596489429476, 8.05398178100586, 8.054832458496094, 8.055387496948242, 8.058752059936523, 8.060503005981445, 8.060254096984863, 4.076747524738312, 7.151041436195373, 3.942476952075958, 2.7397824943065645, 6.028334903717041, 1.5608552426099778, 1.965348494052887, 4.316820228099823, 3.4720674991607665, 8.081759452819824, 2.5806889295578004, 5.3383993864059445, 0.7358043931424618, 0.6680672705173493, 0.6828284502029419, 0.9537860363721847, 0.69470224827528, 0.7047943249344826, 0.7014775019139051, 0.6986489914357662, 0.7139375664293766, 0.7554194442927837, 0.722819272428751, 0.7170430712401867, 0.7196680411696434, 0.7486963495612144, 0.8079858303070069, 0.7581505544483662, 0.739608259499073, 0.7818586818873883, 0.8048364043235778, 0.7969583243131637, 0.8053313836455345, 0.8065290436148643, 0.7994986370205879, 0.8151603139936924, 0.8028371438384057, 0.8035835184156894, 0.8100692085921765, 0.8312641270458698, 0.8474116027355194, 0.8527899734675884, 0.8520265139639378, 0.8809922523796558, 0.8458033882081508, 0.8643973559141159, 0.889013534039259], "val_binary_crossentropy": [0.8299585998058319, 0.934660068154335, 1.013114258646965, 6.248698031902313, 7.971192359924316, 7.971192359924316, 3.759073239564896, 7.971192359924316, 7.971192359924316, 7.971192359924316, 7.971192359924316, 7.971192359924316, 7.971192359924316, 3.986876147985458, 7.0608152627944945, 3.8472423195838927, 2.6428651034832003, 5.929693984985351, 1.4607934683561326, 1.8632490754127502, 4.210550391674042, 3.363332414627075, 7.971192359924316, 2.4693910837173463, 5.223001933097839, 0.6200478717684745, 0.548712195456028, 0.5604647867381573, 0.8299368709325791, 0.5670200292021036, 0.5745331831276417, 0.5681414123624563, 0.5627681136131286, 0.5754405232146382, 0.6147421635687351, 0.5796164950355888, 0.5703147560358047, 0.570887153968215, 0.5971844512969255, 0.6535522971302271, 0.6012372795492411, 0.5794875856488944, 0.6186498299241066, 0.6397237552329897, 0.6282968282699585, 0.6350614678114652, 0.6349275071173907, 0.6251976672559977, 0.6373520489782095, 0.6232719905674458, 0.6211395226418972, 0.6238547418266535, 0.6420583412051201, 0.6564896371215582, 0.6592622339725495, 0.6566753927618265, 0.6834425609558821, 0.6456512812525034, 0.6622444495558739, 0.6843263670802117], "val_acc": [0.5, 0.5, 0.5, 0.5, 0.5, 0.5, 0.5, 0.5, 0.5, 0.5, 0.5, 0.5, 0.5, 0.5, 0.5, 0.5, 0.5, 0.5, 0.5, 0.5, 0.5, 0.5, 0.5, 0.5, 0.5, 0.6533333323895931, 0.7116666615009308, 0.7020833365619182, 0.5270833373069763, 0.7116666652262211, 0.7066666692495346, 0.7170833319425582, 0.7145833358168602, 0.7087499991059303, 0.7029166638851165, 0.7025000020861626, 0.6945833332836628, 0.6879166655242444, 0.694583335518837, 0.6804166629910469, 0.680416664481163, 0.7116666659712791, 0.6924999982118607, 0.689583332836628, 0.705000002682209, 0.7095833346247673, 0.6983333304524422, 0.7083333358168602, 0.697083330899477, 0.7049999997019768, 0.7062500029802322, 0.7100000008940697, 0.7033333346247673, 0.7045833319425583, 0.7016666680574417, 0.7004166677594185, 0.7016666688024997, 0.7091666638851166, 0.7066666677594184, 0.7008333295583725], "loss": [1.2574908893108367, 0.8060317876338958, 0.7285991384983063, 0.699178855895996, 0.6827348053455353, 0.6769079566001892, 0.6689820215702057, 0.6627425764799117, 0.6596988697052002, 0.6563709617853165, 0.6476874551773071, 0.6498320739269257, 0.6447015211582184, 0.6407165538072586, 0.6364927408695221, 0.6325620874166489, 0.6323232859373092, 0.6265558184385299, 0.625317040681839, 0.6255103681087494, 0.6208463059663772, 0.6219619864225387, 0.615865507721901, 0.6128421002626419, 0.6138370102643966, 0.6102353354692459, 0.6062247980833053, 0.6066830009222031, 0.5987542781829834, 0.5942921530008316, 0.5954547494649887, 0.5882457221746444, 0.5864449034929275, 0.5845453859567642, 0.5782911058664322, 0.5784734839200973, 0.5745601092576981, 0.5778990306854248, 0.5673704715967178, 0.5633246158361435, 0.5647689603567123, 0.5611697199344635, 0.554216248869896, 0.5564421900510788, 0.5516093825101852, 0.551475810289383, 0.542942628622055, 0.5391385625600815, 0.5397544195652008, 0.5341275041103363, 0.5314645159244538, 0.5290835254192352, 0.5288848664760589, 0.5303691784143448, 0.5251648166179657, 0.522064221739769, 0.5208219242095947, 0.5165922433137894, 0.514844366312027, 0.5121355572938919], "binary_crossentropy": [0.6708166341781616, 0.6498625574111938, 0.6382280819416046, 0.6215558074712754, 0.6060607115030289, 0.599369553565979, 0.5917558004856109, 0.583319833278656, 0.57712759745121, 0.5727168369293213, 0.5639312698841095, 0.5615953211784362, 0.5570428977012635, 0.5521738735437394, 0.5463646187782287, 0.5401086345911026, 0.536994877576828, 0.5304809052944184, 0.5266803801059723, 0.5245548069477082, 0.5170713034868241, 0.5153282350301742, 0.5071449426412582, 0.5024696156978607, 0.5010565266609192, 0.4956211998462677, 0.4896496248245239, 0.48627652978897096, 0.47630217134952546, 0.4690943555831909, 0.46754035449028014, 0.45754170656204224, 0.4532039462327957, 0.44859345400333406, 0.4396572413444519, 0.4372195714712143, 0.43005223929882047, 0.4307759683132172, 0.41813627851009366, 0.4106224273443222, 0.40965621238946914, 0.40315600562095644, 0.3934398735761642, 0.39269266790151597, 0.38543892246484757, 0.38237724870443346, 0.3720123457312584, 0.36606159728765486, 0.36348003083467484, 0.35537547838687894, 0.3502891869544983, 0.3449481953978539, 0.34125062835216524, 0.340161002099514, 0.33298067635297773, 0.3278299372196197, 0.32368049359321593, 0.31749334710836413, 0.3134356936812401, 0.30835514384508134], "acc": [0.5764666665792465, 0.6119833334684371, 0.6278666656017303, 0.6454166668653488, 0.6619166667461396, 0.6685333328247071, 0.6726833326816559, 0.6817999973297119, 0.6862999994754791, 0.6919666659832001, 0.6958333330154419, 0.6986666679382324, 0.7044333353042602, 0.7093333325386048, 0.7106666667461395, 0.717400000333786, 0.7158166666030884, 0.7236833329200745, 0.7249999997615815, 0.7276666669845581, 0.7348166651725769, 0.7339333338737488, 0.7396833319664001, 0.7449333338737488, 0.7433166680335999, 0.7476666693687439, 0.7520166656970978, 0.7548166663646698, 0.7613833334445953, 0.7666500015258789, 0.7666166656017304, 0.7753666656017304, 0.7767833318710328, 0.7821666650772094, 0.7857000010013581, 0.7866999995708466, 0.7907333340644837, 0.790066668510437, 0.799366667509079, 0.8042166676521302, 0.804383333683014, 0.8074499998092651, 0.8157500007152557, 0.8159500002861023, 0.8175166680812835, 0.822133335351944, 0.826216667175293, 0.8289499990940093, 0.8327166640758514, 0.8381166670322419, 0.8423000001907348, 0.8428666670322418, 0.8459166669845581, 0.8473166680335998, 0.850050000667572, 0.8517499988079071, 0.8539666666984558, 0.859333333492279, 0.8594500005245209, 0.8623666665554046]}{"val_loss": [1.1562420696020126], "val_binary_crossentropy": [0.9519440248608589], "val_acc": [0.6008333303034306], "loss": [0.8796665370464325], "binary_crossentropy": [0.6752268125613531], "acc": [0.6972222179174423]}{"val_loss": [1.2610415011644363], "val_binary_crossentropy": [1.0567356176674365], "val_acc": [0.5833333313465119], "loss": [0.8797838737567266], "binary_crossentropy": [0.6753364553054174], "acc": [0.6878472218910853]}