{"val_loss": [0.7777352273464203, 0.7584477514028549, 0.7460118442773819, 0.7477690562605858, 0.77813660800457, 0.7495239838957787, 0.7663367107510567, 0.7650529131293297, 0.782137268781662, 0.8027770325541497, 0.8035066828131676, 0.8225443124771118, 0.8706042289733886, 0.8545991286635399, 0.8733709469437599, 0.909054397046566, 0.9637979164719581, 1.0206487596035003, 1.0215994730591773, 0.9882035613059997, 1.0066721335053443, 1.092123132944107, 1.1212435588240623, 1.126640185713768, 1.1721621394157409, 1.236502055823803, 1.2047395408153534, 1.2406437069177627, 1.3558147490024566, 1.3132807224988938, 1.319775801897049, 1.4087054044008256, 1.5247245654463768, 1.3988130435347557, 1.4382257446646691, 1.4203289300203323, 1.4612926498055459, 1.5236227244138718, 1.543505135178566, 1.5641255632042885], "val_binary_crossentropy": [0.6404731504619121, 0.6338466003537178, 0.6306608222424984, 0.6379082195460797, 0.6707243889570236, 0.6429751388728618, 0.6584908448159694, 0.6555073827505111, 0.6699401393532753, 0.6873040556907654, 0.6843252822756767, 0.6994666211307049, 0.7432533882558345, 0.7227952115237712, 0.735683123767376, 0.765260287374258, 0.8144370228052139, 0.8651999220252037, 0.8600214183330536, 0.8205597430467606, 0.8345606260001659, 0.9160569466650486, 0.9408485263586044, 0.941010482609272, 0.9821603834629059, 1.041826431453228, 1.004421742260456, 1.0369082435965538, 1.147926537692547, 1.1021410010755062, 1.1062414214015006, 1.1923124715685844, 1.3050588831305503, 1.1764029875397681, 1.213309720158577, 1.1932999670505524, 1.2336789652705193, 1.2954812489449978, 1.314001204073429, 1.3330497823655605], "val_acc": [0.6225000016391278, 0.6245833359658718, 0.6299999959766864, 0.6179166696965694, 0.5854166686534882, 0.6262499988079071, 0.6291666693985463, 0.6362499959766865, 0.6333333291113377, 0.6299999967217446, 0.6304166629910469, 0.6183333337306977, 0.591666667163372, 0.6287500023841858, 0.6345833331346512, 0.6266666680574418, 0.6166666701436043, 0.6116666667163372, 0.6112499967217445, 0.6274999968707562, 0.6125000014901161, 0.6033333323895931, 0.5983333349227905, 0.603333330899477, 0.6079166680574417, 0.5958333320915699, 0.6029166638851166, 0.5920833341777325, 0.5925000049173832, 0.607499997317791, 0.6174999989569188, 0.6054166674613952, 0.6024999968707562, 0.6029166661202907, 0.6112500004470348, 0.615833330154419, 0.5991666637361049, 0.5987499982118607, 0.6008333288133144, 0.5862500019371509], "loss": [0.8261831088860829, 0.7454262824853262, 0.7076806549231212, 0.6820418337980906, 0.6661909095446269, 0.6504563220342, 0.635549352367719, 0.6334986625115077, 0.6241104022661845, 0.6071207249164581, 0.5982842171192169, 0.5896581266323725, 0.5828864137331645, 0.5694957343737285, 0.5589395630359649, 0.5520764503876369, 0.5396724536021551, 0.522957228422165, 0.5249907412131627, 0.5382081071535746, 0.5277924160162608, 0.5085250695546468, 0.4837393422921499, 0.4824886147181193, 0.4701721642414729, 0.46600017448266345, 0.4766804160674413, 0.4600317947069804, 0.4648916771014531, 0.46910433113574984, 0.4474045250813166, 0.4441047819455465, 0.45296174923578897, 0.44923406779766084, 0.44426077922185264, 0.44753666857878366, 0.412950194478035, 0.39980439523855843, 0.4092538807789485, 0.4074307777484258], "binary_crossentropy": [0.6844858094056447, 0.6144711263974507, 0.5881110459566117, 0.569829060236613, 0.5579430196682612, 0.543725696404775, 0.5285872532924016, 0.5248391209046046, 0.5132921195030212, 0.49364990135033926, 0.48127646108468375, 0.46873249173164366, 0.4578375701109568, 0.44010728776454927, 0.4245971242586772, 0.4115953741470973, 0.39351015905539194, 0.37107841392358143, 0.3668930532534917, 0.37381267607212065, 0.35842018882433574, 0.33469350715478263, 0.3059591168165207, 0.29978307674328486, 0.2826144432028135, 0.27401297907034555, 0.2797386864821116, 0.2584133769075076, 0.25968672553698224, 0.2599221344788869, 0.23555079956849417, 0.22966123268008232, 0.23515097786982855, 0.22850046917796135, 0.22097738573948542, 0.22196072613199552, 0.1859872470796108, 0.1722323680917422, 0.18047385031978289, 0.1770995105803013], "acc": [0.6055833339691162, 0.6473333315054576, 0.67349999944369, 0.6936944433053335, 0.7004722209771475, 0.7125555539131164, 0.7285833338896434, 0.7294166660308838, 0.739611109495163, 0.7489722188313802, 0.7580555558204651, 0.7710277783870697, 0.7779444456100464, 0.7873888866106669, 0.7999444448947907, 0.8060555557409922, 0.8161111116409302, 0.8302777779102325, 0.8319999996821086, 0.8273055561383565, 0.838333332935969, 0.8492777752876282, 0.8673333346843719, 0.8685277771949768, 0.8785555557409922, 0.8803888885180156, 0.8795833313465118, 0.8887499988079071, 0.8875000035762787, 0.8900000003973643, 0.9008888916174571, 0.9033333365122477, 0.8986666651566824, 0.9039444442590078, 0.9052500029404958, 0.9071111106872558, 0.9232222255071004, 0.9301666645208995, 0.9253888920942942, 0.928361112276713]}